UTCDateTime,mac_address,firmware_ver,hardware,current_temp_f,current_humidity,current_dewpoint_f,pressure,adc,mem,rssi,uptime,pm1_0_atm,pm2_5_atm,pm10_0_atm,pm1_0_cf_1,pm2_5_cf_1,pm10_0_cf_1,pm2.5_aqi_atm,pm2.5_aqi_cf_1,p_0_3_um,p_0_5_um,p_1_0_um,p_2_5_um,p_5_0_um,p_10_0_um,pm1_0_atm_b,pm2_5_atm_b,pm10_0_atm_b,pm1_0_cf_1_b,pm2_5_cf_1_b,pm10_0_cf_1_b,pm2.5_aqi_atm_b,pm2.5_aqi_cf_1_b,p_0_3_um_b,p_0_5_um_b,p_1_0_um_b,p_2_5_um_b,p_5_0_um_b,p_10_0_um_b,gas
2019/12/12T00:01:48z,80:7d:3a:2b:d8:6d,4.11,2.0+OPENLOG+15552 MB+DS3231+BME280+PMSX003-B+PMSX003-A,69,68,58,850.32,0.00,36568,0,1206,1.76,3.79,4.65,1.76,3.79,4.65,16,16,472.31,123.39,19.03,1.39,0.84,0.00,14.45,18.88,19.70,14.45,18.88,19.70,65,65,2583.00,746.77,95.62,5.65,0.75,0.00
2019/12/12T00:03:50z,80:7d:3a:2b:d8:6d,4.11,2.0+OPENLOG+15552 MB+DS3231+BME280+PMSX003-B+PMSX003-A,69,68,58,850.88,nan,36656,0,121,1.36,1.68,2.20,1.36,1.68,2.20,7,7,350.93,93.77,7.00,0.64,0.00,0.00,14.50,19.65,22.08,14.50,19.65,22.08,67,67,2680.06,760.21,104.00,11.71,2.25,0.00
2019/12/12T00:05:50z,80:7d:3a:2b:d8:6d,4.11,2.0+OPENLOG+15552 MB+DS3231+BME280+PMSX003-B+PMSX003-A,69,69,58,850.86,0.00,36568,0,241,0.30,1.45,1.45,0.30,1.45,1.45,6,6,183.56,50.67,9.12,0.31,0.00,0.00,15.11,19.40,21.64,15.11,19.40,21.64,66,66,2727.00,779.51,101.87,7.83,2.34,0.00
2019/12/12T00:07:50z,80:7d:3a:2b:d8:6d,4.11,2.0+OPENLOG+15552 MB+DS3231+BME280+PMSX003-B+PMSX003-A,69,69,58,850.92,0.00,36504,0,361,0.16,0.86,2.19,0.16,0.86,2.19,4,4,134.79,35.93,7.33,1.68,0.91,0.91,13.81,17.90,19.79,13.81,17.90,19.79,63,63,2685.97,743.46,90.13,7.88,0.74,0.00
2019/12/12T00:09:50z,80:7d:3a:2b:d8:6d,4.11,2.0+OPENLOG+15552 MB+DS3231+BME280+PMSX003-B+PMSX003-A,69,69,58,850.91,0.00,36504,0,481,2.14,3.65,4.90,2.14,3.65,4.90,15,15,349.52,104.71,16.89,1.78,0.89,0.89,13.81,18.69,20.37,13.81,18.69,20.37,65,65,2554.15,720.93,101.90,8.44,0.97,0.00
2019/12/12T00:11:50z,80:7d:3a:2b:d8:6d,4.11,2.0+OPENLOG+15552 MB+DS3231+BME280+PMSX003-B+PMSX003-A,69,69,58,850.96,0.00,36504,0,601,0.49,1.21,1.28,0.49,1.21,1.28,5,5,197.56,51.49,7.59,0.16,0.00,0.00,13.77,18.14,19.96,13.77,18.14,19.96,64,64,2551.35,721.57,93.32,7.36,1.28,0.43
2019/12/12T00:13:50z,80:7d:3a:2b:d8:6d,4.11,2.0+OPENLOG+15552 MB+DS3231+BME280+PMSX003-B+PMSX003-A,69,69,58,850.93,0.00,36504,0,721,0.00,0.25,0.25,0.00,0.25,0.25,1,1,118.66,25.71,4.39,0.00,0.00,0.00,12.38,16.90,18.51,12.38,16.90,18.51,61,61,2365.48,673.83,90.78,5.88,0.99,0.00
2019/12/12T00:15:50z,80:7d:3a:2b:d8:6d,4.11,2.0+OPENLOG+15552 MB+DS3231+BME280+PMSX003-B+PMSX003-A,69,69,58,850.88,0.00,36504,0,841,0.00,0.00,0.00,0.00,0.00,0.00,0,0,57.55,11.82,0.52,0.00,0.00,0.00,13.10,17.11,19.45,13.10,17.11,19.45,62,62,2435.66,692.94,86.41,7.27,1.80,0.93
2019/12/12T00:17:50z,80:7d:3a:2b:d8:6d,4.11,2.0+OPENLOG+15552 MB+DS3231+BME280+PMSX003-B+PMSX003-A,69,69,58,850.90,0.00,36504,0,961,0.09,0.58,0.58,0.09,0.58,0.58,2,2,75.42,20.58,3.48,0.00,0.00,0.00,12.14,16.06,17.47,12.14,16.06,17.47,59,59,2234.44,633.34,86.98,5.62,0.88,0.00
2019/12/12T00:19:50z,80:7d:3a:2b:d8:6d,4.11,2.0+OPENLOG+15552 MB+DS3231+BME280+PMSX003-B+PMSX003-A,69,69,58,850.95,0.00,36504,0,1081,0.00,0.00,0.00,0.00,0.00,0.00,0,0,46.88,13.39,1.39,0.00,0.00,0.00,12.86,17.14,18.83,12.86,17.14,18.83,62,62,2427.39,689.23,92.54,6.84,1.22,0.00
2019/12/12T00:21:50z,80:7d:3a:2b:d8:6d,4.11,2.0+OPENLOG+15552 MB+DS3231+BME280+PMSX003-B+PMSX003-A,69,69,58,850.95,0.00,36504,0,1201,0.00,0.00,0.00,0.00,0.00,0.00,0,0,2.81,0.94,0.00,0.00,0.00,0.00,12.01,16.82,19.09,12.01,16.82,19.09,61,61,2415.09,667.34,96.43,9.03,2.21,0.21
2019/12/12T00:23:52z,80:7d:3a:2b:d8:6d,4.11,2.0+OPENLOG+15552 MB+DS3231+BME280+PMSX003-B+PMSX003-A,69,70,58,851.00,nan,36656,0,121,0.00,0.00,0.00,0.00,0.00,0.00,0,0,21.38,5.09,0.00,0.00,0.00,0.00,12.00,16.36,18.23,12.00,16.36,18.23,60,60,2360.94,662.79,88.19,9.15,1.79,0.00
2019/12/12T00:25:52z,80:7d:3a:2b:d8:6d,4.11,2.0+OPENLOG+15552 MB+DS3231+BME280+PMSX003-B+PMSX003-A,69,69,58,850.98,0.00,36568,0,241,0.00,0.00,0.00,0.00,0.00,0.00,0,0,1.34,0.45,0.00,0.00,0.00,0.00,12.84,17.06,18.43,12.84,17.06,18.43,61,61,2421.39,688.84,91.68,6.38,1.83,0.00
2019/12/12T00:27:52z,80:7d:3a:2b:d8:6d,4.11,2.0+OPENLOG+15552 MB+DS3231+BME280+PMSX003-B+PMSX003-A,69,69,58,850.94,0.00,36568,0,361,0.22,0.70,0.70,0.22,0.70,0.70,3,3,117.63,31.49,4.84,0.00,0.00,0.00,12.37,16.56,17.50,12.37,16.56,17.50,60,60,2378.44,675.36,83.13,5.94,0.37,0.37
2019/12/12T00:29:52z,80:7d:3a:2b:d8:6d,4.11,2.0+OPENLOG+15552 MB+DS3231+BME280+PMSX003-B+PMSX003-A,69,69,58,850.94,0.00,36568,0,481,0.08,0.20,0.48,0.08,0.20,0.48,1,1,167.66,43.66,2.26,0.56,0.00,0.00,14.06,18.59,19.88,14.06,18.59,19.88,65,65,2580.59,727.76,96.85,5.82,1.39,0.00
2019/12/12T00:31:52z,80:7d:3a:2b:d8:6d,4.11,2.0+OPENLOG+15552 MB+DS3231+BME280+PMSX003-B+PMSX003-A,69,69,58,850.96,0.00,36568,0,601,0.23,0.52,0.52,0.23,0.52,0.52,2,2,189.20,48.83,5.37,0.00,0.00,0.00,12.63,16.87,18.06,12.63,16.87,18.06,61,61,2370.73,669.40,88.16,5.00,1.89,0.00
2019/12/12T00:33:52z,80:7d:3a:2b:d8:6d,4.11,2.0+OPENLOG+15552 MB+DS3231+BME280+PMSX003-B+PMSX003-A,69,69,58,850.97,0.00,36568,0,721,0.24,0.48,0.48,0.24,0.48,0.48,2,2,220.33,55.27,5.70,0.00,0.00,0.00,13.42,17.23,19.16,13.42,17.23,19.16,62,62,2394.22,691.93,90.99,5.19,1.48,0.43
2019/12/12T00:35:52z,80:7d:3a:2b:d8:6d,4.11,2.0+OPENLOG+15552 MB+DS3231+BME280+PMSX003-B+PMSX003-A,69,69,58,850.96,0.00,36568,0,841,0.56,0.79,1.13,0.56,0.79,1.13,3,3,259.87,69.15,7.41,0.92,0.00,0.00,13.43,18.21,19.79,13.43,18.21,19.79,64,64,2426.66,692.70,98.09,7.77,1.34,0.34
2019/12/12T00:37:52z,80:7d:3a:2b:d8:6d,4.11,2.0+OPENLOG+15552 MB+DS3231+BME280+PMSX003-B+PMSX003-A,69,69,58,850.98,0.00,36568,0,961,0.76,1.74,2.47,0.76,1.74,2.47,7,7,290.53,77.12,11.48,1.34,0.00,0.00,13.63,17.94,19.16,13.63,17.94,19.16,63,63,2446.88,697.64,95.76,5.79,0.48,0.00
2019/12/12T00:39:52z,80:7d:3a:2b:d8:6d,4.11,2.0+OPENLOG+15552 MB+DS3231+BME280+PMSX003-B+PMSX003-A,69,69,58,850.96,0.00,36568,0,1081,0.45,1.47,2.12,0.45,1.47,2.12,6,6,249.80,65.95,8.53,1.28,0.41,0.41,14.21,19.09,20.72,14.21,19.09,20.72,66,66,2560.50,733.31,91.15,8.18,2.09,0.00
2019/12/12T00:41:52z,80:7d:3a:2b:d8:6d,4.11,2.0+OPENLOG+15552 MB+DS3231+BME280+PMSX003-B+PMSX003-A,69,69,58,850.89,0.00,36504,0,1201,0.66,1.48,1.48,0.66,1.48,1.48,6,6,266.90,71.51,7.44,0.16,0.00,0.00,13.96,18.59,20.23,13.96,18.59,20.23,65,65,2590.35,739.08,91.79,7.46,1.63,0.00
2019/12/12T00:43:54z,80:7d:3a:2b:d8:6d,4.11,2.0+OPENLOG+15552 MB+DS3231+BME280+PMSX003-B+PMSX003-A,69,69,58,850.91,nan,36656,0,121,0.68,0.73,1.41,0.68,0.73,1.41,3,3,222.61,64.95,5.05,1.27,0.68,0.00,14.30,19.48,20.52,14.30,19.48,20.52,67,67,2574.20,746.87,106.11,5.09,0.91,0.00
2019/12/12T00:45:54z,80:7d:3a:2b:d8:6d,4.11,2.0+OPENLOG+15552 MB+DS3231+BME280+PMSX003-B+PMSX003-A,69,69,58,850.98,0.00,36568,0,241,1.34,1.97,2.50,1.34,1.97,2.50,8,8,350.77,97.53,5.09,1.06,0.50,0.50,15.77,20.49,21.59,15.77,20.49,21.59,69,69,2916.90,826.00,100.99,5.17,1.06,0.00
2019/12/12T00:47:54z,80:7d:3a:2b:d8:6d,4.11,2.0+OPENLOG+15552 MB+DS3231+BME280+PMSX003-B+PMSX003-A,69,69,58,851.01,0.00,36568,0,361,0.73,1.29,2.07,0.73,1.29,2.07,5,5,270.51,74.05,10.63,0.78,0.34,0.34,16.28,20.48,21.79,16.28,20.48,21.79,69,69,2978.78,833.84,101.25,6.84,0.42,0.00
2019/12/12T00:49:54z,80:7d:3a:2b:d8:6d,4.11,2.0+OPENLOG+15552 MB+DS3231+BME280+PMSX003-B+PMSX003-A,68,69,57,850.99,0.00,36568,0,481,2.40,4.08,6.40,2.40,4.08,6.40,17,17,466.26,132.84,19.32,4.03,2.19,1.71,15.13,20.03,21.21,15.13,20.03,21.21,68,68,2765.55,795.15,99.70,7.43,0.60,0.00
2019/12/12T00:51:54z,80:7d:3a:2b:d8:6d,4.11,2.0+OPENLOG+15552 MB+DS3231+BME280+PMSX003-B+PMSX003-A,68,70,57,851.02,0.00,36568,0,601,0.77,1.15,1.24,0.77,1.15,1.24,5,5,244.16,68.82,8.02,0.65,0.00,0.00,15.90,20.29,21.49,15.90,20.29,21.49,68,68,2861.74,818.03,108.09,4.20,1.43,0.46
2019/12/12T00:53:54z,80:7d:3a:2b:d8:6d,4.11,2.0+OPENLOG+15552 MB+DS3231+BME280+PMSX003-B+PMSX003-A,68,70,57,851.00,0.00,36568,0,721,0.85,2.31,2.31,0.85,2.31,2.31,10,10,289.73,81.08,12.47,0.75,0.00,0.00,14.20,19.10,21.04,14.20,19.10,21.04,66,66,2632.17,744.51,103.22,8.55,2.00,0.00
2019/12/12T00:55:54z,80:7d:3a:2b:d8:6d,4.11,2.0+OPENLOG+15552 MB+DS3231+BME280+PMSX003-B+PMSX003-A,65,70,55,848.61,0.00,36568,0,841,1.32,1.73,2.44,1.32,1.73,2.44,7,7,324.66,92.69,8.58,0.92,0.44,0.44,14.46,19.72,20.52,14.46,19.72,20.52,67,67,2645.30,752.75,100.23,4.43,1.16,0.00
2019/12/12T00:57:54z,80:7d:3a:2b:d8:6d,4.11,2.0+OPENLOG+15552 MB+DS3231+BME280+PMSX003-B+PMSX003-A,68,70,58,851.03,0.00,36568,0,961,2.53,4.59,4.69,2.53,4.59,4.69,19,19,508.37,148.19,16.38,0.82,0.03,0.03,12.71,16.76,18.20,12.71,16.76,18.20,61,61,2362.00,661.52,86.95,5.58,0.97,0.52
2019/12/12T00:59:54z,80:7d:3a:2b:d8:6d,4.11,2.0+OPENLOG+15552 MB+DS3231+BME280+PMSX003-B+PMSX003-A,68,70,58,851.04,0.00,36568,0,1081,1.14,1.90,3.29,1.14,1.90,3.29,8,8,328.27,94.81,10.20,2.17,0.81,0.81,13.04,17.33,19.73,13.04,17.33,19.73,62,62,2406.04,692.43,88.75,9.16,1.97,0.39
2019/12/12T01:01:54z,80:7d:3a:2b:d8:6d,4.11,2.0+OPENLOG+15552 MB+DS3231+BME280+PMSX003-B+PMSX003-A,68,70,58,851.01,0.00,36568,0,1201,0.59,0.60,0.71,0.59,0.60,0.71,3,3,203.95,56.50,5.10,0.21,0.03,0.03,13.06,17.57,18.70,13.06,17.57,18.70,62,62,2418.48,701.61,88.16,6.00,0.61,0.00
2019/12/12T01:03:56z,80:7d:3a:2b:d8:6d,4.11,2.0+OPENLOG+15552 MB+DS3231+BME280+PMSX003-B+PMSX003-A,68,70,58,851.07,nan,36656,0,121,0.47,1.76,1.92,0.47,1.76,1.92,7,7,238.65,62.80,10.33,0.57,0.00,0.00,12.07,16.24,17.22,12.07,16.24,17.22,60,60,2303.07,646.44,81.38,4.58,0.44,0.13
2019/12/12T01:05:56z,80:7d:3a:2b:d8:6d,4.11,2.0+OPENLOG+15552 MB+DS3231+BME280+PMSX003-B+PMSX003-A,68,70,57,851.06,0.00,36568,0,241,0.33,0.70,1.44,0.33,0.70,1.44,3,3,203.84,53.25,8.53,1.68,0.42,0.00,12.14,16.59,18.84,12.14,16.59,18.84,60,60,2222.91,629.93,89.64,8.35,3.16,0.84
2019/12/12T01:07:56z,80:7d:3a:2b:d8:6d,4.11,2.0+OPENLOG+15552 MB+DS3231+BME280+PMSX003-B+PMSX003-A,68,70,58,851.00,0.00,36568,0,361,0.15,0.21,0.21,0.15,0.21,0.21,1,1,167.50,37.27,2.18,0.00,0.00,0.00,12.59,16.50,17.24,12.59,16.50,17.24,60,60,2379.79,678.44,87.90,4.71,0.85,0.00
2019/12/12T01:09:56z,80:7d:3a:2b:d8:6d,4.11,2.0+OPENLOG+15552 MB+DS3231+BME280+PMSX003-B+PMSX003-A,68,70,58,851.03,0.00,36568,0,481,0.06,0.06,0.06,0.06,0.06,0.06,0,0,28.43,8.09,3.08,0.49,0.00,0.00,13.10,17.76,19.30,13.10,17.76,19.30,63,63,2423.06,679.63,98.25,7.88,1.46,0.00
2019/12/12T01:11:56z,80:7d:3a:2b:d8:6d,4.11,2.0+OPENLOG+15552 MB+DS3231+BME280+PMSX003-B+PMSX003-A,68,70,58,851.05,0.00,36568,0,601,0.43,0.64,0.64,0.43,0.64,0.64,3,3,115.71,34.38,3.81,0.45,0.00,0.00,12.90,16.62,18.04,12.90,16.62,18.04,61,61,2381.12,672.28,87.24,5.88,1.21,0.00
2019/12/12T01:13:56z,80:7d:3a:2b:d8:6d,4.11,2.0+OPENLOG+15552 MB+DS3231+BME280+PMSX003-B+PMSX003-A,68,70,57,851.04,0.00,36568,0,721,0.16,0.23,0.23,0.16,0.23,0.23,1,1,102.34,25.51,0.85,0.00,0.00,0.00,13.20,17.11,18.15,13.20,17.11,18.15,62,62,2410.10,684.70,87.75,4.11,1.49,0.00
2019/12/12T01:15:56z,80:7d:3a:2b:d8:6d,4.11,2.0+OPENLOG+15552 MB+DS3231+BME280+PMSX003-B+PMSX003-A,68,70,57,851.08,0.00,36568,0,841,0.19,0.19,0.19,0.19,0.19,0.19,1,1,147.63,38.10,0.74,0.00,0.00,0.00,13.50,17.59,19.30,13.50,17.59,19.30,63,63,2467.33,701.63,96.84,7.11,2.11,0.00
2019/12/12T01:17:56z,80:7d:3a:2b:d8:6d,4.11,2.0+OPENLOG+15552 MB+DS3231+BME280+PMSX003-B+PMSX003-A,68,70,57,851.08,0.00,36568,0,961,1.55,2.38,2.64,1.55,2.38,2.64,10,10,317.17,90.66,10.55,0.52,0.00,0.00,13.67,18.34,20.19,13.67,18.34,20.19,64,64,2479.21,705.18,101.13,7.07,1.79,0.00
2019/12/12T01:19:56z,80:7d:3a:2b:d8:6d,4.11,2.0+OPENLOG+15552 MB+DS3231+BME280+PMSX003-B+PMSX003-A,68,70,57,851.10,0.00,36568,0,1081,0.57,1.23,1.23,0.57,1.23,1.23,5,5,136.13,39.92,6.44,0.00,0.00,0.00,13.29,17.46,19.53,13.29,17.46,19.53,62,62,2422.29,698.77,89.61,8.60,1.63,0.74
2019/12/12T01:21:56z,80:7d:3a:2b:d8:6d,4.11,2.0+OPENLOG+15552 MB+DS3231+BME280+PMSX003-B+PMSX003-A,68,70,58,851.11,0.00,36568,0,1201,0.45,1.42,1.56,0.45,1.42,1.56,6,6,170.34,44.34,7.22,0.16,0.16,0.00,13.35,17.24,19.57,13.35,17.24,19.57,62,62,2410.54,686.46,88.13,10.03,2.53,0.00
2019/12/12T01:23:58z,80:7d:3a:2b:d8:6d,4.11,2.0+OPENLOG+15552 MB+DS3231+BME280+PMSX003-B+PMSX003-A,68,70,57,851.10,nan,36656,0,121,2.41,4.51,5.15,2.41,4.49,5.15,19,19,310.10,93.54,28.78,1.71,0.63,0.44,14.32,19.68,21.62,14.32,19.68,21.62,67,67,2593.02,747.26,101.23,10.43,0.98,0.00
2019/12/12T01:25:58z,80:7d:3a:2b:d8:6d,4.11,2.0+OPENLOG+15552 MB+DS3231+BME280+PMSX003-B+PMSX003-A,68,70,58,851.06,0.00,36568,0,241,0.00,0.10,0.10,0.00,0.10,0.10,0,0,47.05,13.62,2.54,0.00,0.00,0.00,13.94,19.07,20.04,13.94,19.07,20.04,66,66,2566.63,727.51,101.30,7.03,1.11,0.00
2019/12/12T01:27:58z,80:7d:3a:2b:d8:6d,4.11,2.0+OPENLOG+15552 MB+DS3231+BME280+PMSX003-B+PMSX003-A,68,70,58,851.06,0.00,36568,0,361,0.07,0.07,0.07,0.07,0.07,0.07,0,0,110.64,27.97,3.40,0.00,0.00,0.00,14.00,17.64,19.45,14.00,17.64,19.45,63,63,2531.00,716.96,80.97,7.10,1.62,0.49
2019/12/12T01:29:58z,80:7d:3a:2b:d8:6d,4.11,2.0+OPENLOG+15552 MB+DS3231+BME280+PMSX003-B+PMSX003-A,68,70,58,851.10,0.00,36568,0,481,0.15,0.15,0.15,0.15,0.15,0.15,1,1,119.85,27.52,0.47,0.00,0.00,0.00,13.93,18.49,19.26,13.93,18.49,19.26,64,64,2503.85,713.79,87.29,5.91,0.74,0.00
2019/12/12T01:31:58z,80:7d:3a:2b:d8:6d,4.11,2.0+OPENLOG+15552 MB+DS3231+BME280+PMSX003-B+PMSX003-A,68,70,57,851.10,0.00,36568,0,601,0.31,0.63,0.63,0.31,0.63,0.63,3,3,102.00,25.08,3.94,0.52,0.00,0.00,12.94,16.62,18.56,12.94,16.62,18.56,61,61,2406.22,681.68,90.72,7.00,1.88,0.00
2019/12/12T01:33:58z,80:7d:3a:2b:d8:6d,4.11,2.0+OPENLOG+15552 MB+DS3231+BME280+PMSX003-B+PMSX003-A,68,70,57,851.07,0.00,36568,0,721,0.29,0.46,0.47,0.29,0.46,0.47,2,2,157.53,43.24,1.39,0.03,0.00,0.00,13.52,17.86,20.23,13.52,17.86,20.23,63,63,2525.65,723.61,95.19,7.83,2.67,0.67
2019/12/12T01:35:58z,80:7d:3a:2b:d8:6d,4.11,2.0+OPENLOG+15552 MB+DS3231+BME280+PMSX003-B+PMSX003-A,68,69,57,851.05,0.00,36568,0,841,0.48,1.27,1.35,0.48,1.27,1.35,5,5,250.25,68.25,7.00,0.53,0.00,0.00,13.65,17.78,18.81,13.65,17.78,18.81,63,63,2604.49,720.65,91.24,4.47,0.62,0.35
2019/12/12T01:37:58z,80:7d:3a:2b:d8:6d,4.11,2.0+OPENLOG+15552 MB+DS3231+BME280+PMSX003-B+PMSX003-A,68,69,57,851.09,0.00,36568,0,961,0.62,1.04,1.04,0.62,1.04,1.04,4,4,177.26,45.99,7.53,0.00,0.00,0.00,14.15,17.43,18.88,14.15,17.43,18.88,62,62,2532.44,722.79,82.65,5.44,1.62,0.35
2019/12/12T01:39:58z,80:7d:3a:2b:d8:6d,4.11,2.0+OPENLOG+15552 MB+DS3231+BME280+PMSX003-B+PMSX003-A,68,70,57,851.16,0.00,36568,0,1081,0.37,1.15,1.15,0.37,1.15,1.15,5,5,153.25,42.46,6.78,0.00,0.00,0.00,13.88,17.41,19.38,13.88,17.41,19.38,62,62,2443.85,702.74,86.10,6.24,2.21,0.00
2019/12/12T01:41:58z,80:7d:3a:2b:d8:6d,4.11,2.0+OPENLOG+15552 MB+DS3231+BME280+PMSX003-B+PMSX003-A,67,70,57,851.24,0.00,36568,0,1201,0.54,1.37,1.37,0.54,1.37,1.37,6,6,188.21,51.95,8.18,0.00,0.00,0.00,13.99,18.09,19.21,13.99,18.09,19.21,64,64,2585.66,731.57,88.33,4.66,1.57,0.00
2019/12/12T01:43:59z,80:7d:3a:2b:d8:6d,4.11,2.0+OPENLOG+15552 MB+DS3231+BME280+PMSX003-B+PMSX003-A,67,70,56,851.22,nan,36656,0,121,0.00,0.24,0.24,0.00,0.24,0.24,1,1,16.24,4.20,3.48,0.00,0.00,0.00,13.74,17.36,18.81,13.74,17.36,18.81,62,62,2518.98,710.06,82.51,5.45,0.51,0.00
2019/12/12T01:45:59z,80:7d:3a:2b:d8:6d,4.11,2.0+OPENLOG+15552 MB+DS3231+BME280+PMSX003-B+PMSX003-A,67,70,56,851.25,0.00,36568,0,241,0.09,0.09,0.09,0.09,0.09,0.09,0,0,37.18,7.70,0.00,0.00,0.00,0.00,13.42,17.48,19.18,13.42,17.48,19.18,62,62,2503.82,698.96,92.62,8.14,1.41,0.00
2019/12/12T01:47:59z,80:7d:3a:2b:d8:6d,4.11,2.0+OPENLOG+15552 MB+DS3231+BME280+PMSX003-B+PMSX003-A,67,70,56,851.27,0.00,36568,0,361,0.15,0.15,0.15,0.15,0.15,0.15,1,1,158.91,37.94,0.00,0.00,0.00,0.00,14.30,17.94,20.00,14.30,17.94,20.00,63,63,2607.39,744.55,87.88,6.35,1.71,0.00
2019/12/12T01:49:59z,80:7d:3a:2b:d8:6d,4.11,2.0+OPENLOG+15552 MB+DS3231+BME280+PMSX003-B+PMSX003-A,67,70,56,851.33,0.00,36568,0,481,0.49,1.05,1.21,0.49,1.05,1.21,4,4,157.62,43.03,4.76,0.38,0.13,0.00,14.34,18.17,20.38,14.34,18.17,20.38,64,64,2627.45,740.77,87.68,6.74,2.31,0.00
2019/12/12T01:51:59z,80:7d:3a:2b:d8:6d,4.11,2.0+OPENLOG+15552 MB+DS3231+BME280+PMSX003-B+PMSX003-A,67,69,56,851.31,0.00,36568,0,601,0.19,0.51,0.93,0.19,0.51,0.93,2,2,105.92,30.97,6.95,0.88,0.41,0.41,14.32,18.19,18.93,14.32,18.19,18.93,64,64,2643.57,745.99,81.57,4.23,0.46,0.00
2019/12/12T01:53:59z,80:7d:3a:2b:d8:6d,4.11,2.0+OPENLOG+15552 MB+DS3231+BME280+PMSX003-B+PMSX003-A,67,69,56,851.32,0.00,36568,0,721,1.00,1.45,2.69,1.00,1.45,2.69,6,6,315.94,84.38,9.88,1.50,0.50,0.50,14.96,19.19,21.17,14.96,19.19,21.17,66,66,2765.74,787.51,89.97,7.57,1.29,0.00
2019/12/12T01:55:59z,80:7d:3a:2b:d8:6d,4.11,2.0+OPENLOG+15552 MB+DS3231+BME280+PMSX003-B+PMSX003-A,67,69,56,851.37,0.00,36504,0,841,0.93,2.69,2.85,0.93,2.69,2.85,11,11,217.87,65.51,17.41,1.67,0.00,0.00,15.94,20.00,21.70,15.94,20.00,21.70,68,68,2851.48,823.22,94.70,5.48,1.54,0.52
2019/12/12T01:57:59z,80:7d:3a:2b:d8:6d,4.11,2.0+OPENLOG+15552 MB+DS3231+BME280+PMSX003-B+PMSX003-A,67,69,56,851.40,0.00,36504,0,961,1.17,1.37,2.15,1.17,1.37,2.15,6,6,347.60,92.97,2.27,0.97,0.47,0.00,14.92,20.59,22.14,14.92,20.59,22.14,69,69,2932.45,811.52,102.45,7.82,1.67,0.45
2019/12/12T01:59:59z,80:7d:3a:2b:d8:6d,4.11,2.0+OPENLOG+15552 MB+DS3231+BME280+PMSX003-B+PMSX003-A,67,69,56,851.40,0.00,36504,0,1081,0.42,0.58,1.03,0.42,0.58,1.03,2,2,217.17,56.16,2.00,1.53,0.50,0.00,15.47,19.84,20.91,15.47,19.84,20.91,67,67,2927.38,805.85,85.31,7.12,0.85,0.00
2019/12/12T02:01:59z,80:7d:3a:2b:d8:6d,4.11,2.0+OPENLOG+15552 MB+DS3231+BME280+PMSX003-B+PMSX003-A,67,69,56,851.46,0.00,36504,0,1201,4.40,5.33,5.33,4.40,5.33,5.33,22,22,612.05,178.03,8.74,0.00,0.00,0.00,16.25,21.46,23.38,16.25,21.46,23.38,71,71,3050.60,861.21,113.91,8.32,1.68,0.00
2019/12/12T02:04:02z,80:7d:3a:2b:d8:6d,4.11,2.0+OPENLOG+15552 MB+DS3231+BME280+PMSX003-B+PMSX003-A,67,69,56,851.43,nan,36656,0,122,0.12,0.90,0.90,0.12,0.90,0.90,4,4,221.49,57.95,6.78,0.63,0.00,0.00,16.71,20.69,22.17,16.71,20.69,22.17,69,69,3110.56,876.54,92.06,6.12,1.21,0.71
2019/12/12T02:06:02z,80:7d:3a:2b:d8:6d,4.11,2.0+OPENLOG+15552 MB+DS3231+BME280+PMSX003-B+PMSX003-A,67,69,56,851.42,0.00,36504,0,242,1.25,1.27,1.27,1.25,1.27,1.27,5,5,292.24,74.71,4.10,0.00,0.00,0.00,16.51,22.07,24.29,16.51,22.07,24.29,72,72,3106.74,889.55,109.99,8.14,1.94,0.17
2019/12/12T02:08:02z,80:7d:3a:2b:d8:6d,4.11,2.0+OPENLOG+15552 MB+DS3231+BME280+PMSX003-B+PMSX003-A,67,68,56,851.45,0.00,36504,0,362,1.37,1.58,2.38,1.37,1.58,2.38,7,7,279.75,83.47,10.37,0.93,0.93,0.00,15.41,19.17,21.06,15.41,19.17,21.06,66,66,2854.54,806.90,91.23,7.29,1.83,0.00
2019/12/12T02:10:02z,80:7d:3a:2b:d8:6d,4.11,2.0+OPENLOG+15552 MB+DS3231+BME280+PMSX003-B+PMSX003-A,67,68,56,851.50,0.00,36504,0,482,0.84,0.98,1.36,0.84,0.98,1.36,4,4,213.00,60.28,5.55,0.38,0.38,0.00,15.20,19.47,20.82,15.20,19.47,20.82,66,66,2823.95,795.35,94.95,6.18,1.33,0.00
2019/12/12T02:12:02z,80:7d:3a:2b:d8:6d,4.11,2.0+OPENLOG+15552 MB+DS3231+BME280+PMSX003-B+PMSX003-A,67,68,56,851.50,0.00,36504,0,602,0.48,1.53,1.53,0.48,1.53,1.53,6,6,242.30,65.41,8.84,0.00,0.00,0.00,14.10,17.99,20.00,14.10,17.99,20.00,63,63,2626.76,747.44,83.41,7.94,1.56,0.00
2019/12/12T02:14:02z,80:7d:3a:2b:d8:6d,4.11,2.0+OPENLOG+15552 MB+DS3231+BME280+PMSX003-B+PMSX003-A,67,68,56,851.46,0.00,36504,0,722,0.00,0.00,0.00,0.00,0.00,0.00,0,0,18.05,4.67,0.40,0.00,0.00,0.00,14.75,18.27,20.20,14.75,18.27,20.20,64,64,2758.10,768.79,79.83,7.94,1.97,0.70
2019/12/12T02:16:02z,80:7d:3a:2b:d8:6d,4.11,2.0+OPENLOG+15552 MB+DS3231+BME280+PMSX003-B+PMSX003-A,67,68,56,851.40,0.00,36504,0,842,0.48,1.19,1.19,0.48,1.19,1.19,5,5,133.76,39.81,7.45,0.00,0.00,0.00,14.10,18.46,20.68,14.10,18.46,20.68,64,64,2642.91,754.57,92.41,8.00,2.61,0.64
2019/12/12T02:18:02z,80:7d:3a:2b:d8:6d,4.11,2.0+OPENLOG+15552 MB+DS3231+BME280+PMSX003-B+PMSX003-A,67,68,56,851.36,0.00,36504,0,962,2.10,3.97,3.97,2.10,3.97,3.97,17,17,432.22,122.69,15.31,0.24,0.00,0.00,14.95,18.26,19.20,14.95,18.26,19.20,64,64,2692.02,759.02,75.08,4.95,0.34,0.00
2019/12/12T02:20:02z,80:7d:3a:2b:d8:6d,4.11,2.0+OPENLOG+15552 MB+DS3231+BME280+PMSX003-B+PMSX003-A,67,68,56,851.44,0.00,36504,0,1082,0.61,1.40,1.40,0.61,1.40,1.40,6,6,207.05,55.91,7.88,0.11,0.00,0.00,14.33,17.77,19.48,14.33,17.77,19.48,63,63,2632.78,744.16,78.72,6.20,1.28,0.00
2019/12/12T02:22:02z,80:7d:3a:2b:d8:6d,4.11,2.0+OPENLOG+15552 MB+DS3231+BME280+PMSX003-B+PMSX003-A,67,67,56,851.43,0.00,36504,0,1202,0.28,0.38,0.69,0.28,0.38,0.69,2,2,178.52,47.64,1.64,0.39,0.00,0.00,14.33,17.38,18.58,14.33,17.38,18.58,62,62,2599.52,738.04,72.25,6.09,0.81,0.00
2019/12/12T02:24:04z,80:7d:3a:2b:d8:6d,4.11,2.0+OPENLOG+15552 MB+DS3231+BME280+PMSX003-B+PMSX003-A,67,68,56,851.40,nan,36656,0,121,0.00,0.00,0.00,0.00,0.00,0.00,0,0,10.78,2.57,0.73,0.00,0.00,0.00,14.32,18.40,19.89,14.32,18.40,19.89,64,64,2742.19,764.94,86.15,6.04,1.11,0.30
2019/12/12T02:26:04z,80:7d:3a:2b:d8:6d,4.11,2.0+OPENLOG+15552 MB+DS3231+BME280+PMSX003-B+PMSX003-A,67,68,56,851.35,0.00,36568,0,241,1.40,1.69,2.38,1.40,1.69,2.38,7,7,322.55,93.22,5.76,1.17,0.69,0.34,13.99,18.09,19.16,13.99,18.09,19.16,64,64,2588.01,729.14,85.29,6.31,0.83,0.00
2019/12/12T02:28:04z,80:7d:3a:2b:d8:6d,4.11,2.0+OPENLOG+15552 MB+DS3231+BME280+PMSX003-B+PMSX003-A,67,68,56,851.38,0.00,36568,0,361,4.56,4.70,5.11,4.56,4.70,5.11,20,20,782.07,224.95,7.41,0.39,0.39,0.20,14.13,18.54,19.74,14.13,18.54,19.74,65,65,2626.19,750.35,99.26,4.68,0.79,0.00
2019/12/12T02:30:04z,80:7d:3a:2b:d8:6d,4.11,2.0+OPENLOG+15552 MB+DS3231+BME280+PMSX003-B+PMSX003-A,67,68,56,851.38,0.00,36568,0,481,8.42,9.80,11.72,8.42,9.80,11.72,41,41,1395.94,388.69,13.00,2.47,1.75,0.91,14.93,18.18,20.18,14.93,18.18,20.18,64,64,2775.57,790.99,90.44,7.12,1.00,0.00
2019/12/12T02:32:04z,80:7d:3a:2b:d8:6d,4.11,2.0+OPENLOG+15552 MB+DS3231+BME280+PMSX003-B+PMSX003-A,66,68,55,851.41,0.00,36568,0,601,4.80,5.10,5.10,4.80,5.10,5.10,21,21,961.27,250.54,4.37,0.00,0.00,0.00,14.78,18.84,21.78,14.78,18.84,21.78,65,65,2763.13,780.56,88.85,9.26,2.24,1.35
2019/12/12T02:34:04z,80:7d:3a:2b:d8:6d,4.11,2.0+OPENLOG+15552 MB+DS3231+BME280+PMSX003-B+PMSX003-A,66,68,55,851.45,0.00,36568,0,721,6.20,6.28,6.28,6.20,6.28,6.28,26,26,1340.02,313.85,1.21,0.00,0.00,0.00,15.43,20.68,23.29,15.43,20.68,23.29,69,69,2905.32,826.15,104.93,8.65,1.88,0.35
2019/12/12T02:36:04z,80:7d:3a:2b:d8:6d,4.11,2.0+OPENLOG+15552 MB+DS3231+BME280+PMSX003-B+PMSX003-A,66,68,55,851.42,0.00,36568,0,841,8.54,8.54,8.54,8.54,8.54,8.54,36,36,1792.38,401.79,0.00,0.00,0.00,0.00,15.47,20.10,21.93,15.47,20.10,21.93,68,68,2818.50,803.21,106.91,6.41,2.03,0.00
2019/12/12T02:38:04z,80:7d:3a:2b:d8:6d,4.11,2.0+OPENLOG+15552 MB+DS3231+BME280+PMSX003-B+PMSX003-A,66,69,55,851.45,0.00,36568,0,961,10.12,10.12,10.12,10.12,10.12,10.12,42,42,2038.65,478.72,0.00,0.00,0.00,0.00,15.21,18.98,20.59,15.21,18.98,20.59,65,65,2828.41,799.83,92.45,5.61,1.06,0.00
2019/12/12T02:40:04z,80:7d:3a:2b:d8:6d,4.11,2.0+OPENLOG+15552 MB+DS3231+BME280+PMSX003-B+PMSX003-A,66,69,55,851.43,0.00,36568,0,1081,11.67,11.71,12.05,11.67,11.71,12.05,49,49,2350.33,533.32,2.10,0.38,0.38,0.00,15.49,20.35,21.70,15.49,20.35,21.70,68,68,2783.26,798.35,102.93,5.71,0.67,0.00
2019/12/12T02:42:04z,80:7d:3a:2b:d8:6d,4.11,2.0+OPENLOG+15552 MB+DS3231+BME280+PMSX003-B+PMSX003-A,66,69,55,851.44,0.00,36568,0,1201,12.49,13.28,13.91,12.49,13.28,13.91,53,53,2432.17,575.92,7.03,0.49,0.49,0.49,15.83,19.80,21.41,15.83,19.80,21.41,67,67,2924.54,817.68,88.44,5.75,1.41,0.00
2019/12/12T02:44:07z,80:7d:3a:2b:d8:6d,4.11,2.0+OPENLOG+15552 MB+DS3231+BME280+PMSX003-B+PMSX003-A,66,69,55,851.45,nan,36656,0,122,9.14,10.07,10.07,9.14,10.07,10.07,42,42,1623.36,424.48,6.14,0.00,0.00,0.00,15.96,19.82,20.61,15.96,19.82,20.61,67,67,2915.63,817.61,83.24,5.02,0.90,0.04
2019/12/12T02:46:07z,80:7d:3a:2b:d8:6d,4.11,2.0+OPENLOG+15552 MB+DS3231+BME280+PMSX003-B+PMSX003-A,66,69,55,851.52,0.00,36568,0,242,16.00,16.03,16.82,16.00,16.03,16.82,59,59,2848.02,706.37,1.13,0.55,0.55,0.55,15.79,19.89,20.92,15.79,19.89,20.92,67,67,2882.07,825.56,91.41,5.61,1.24,0.00
2019/12/12T02:48:07z,80:7d:3a:2b:d8:6d,4.11,2.0+OPENLOG+15552 MB+DS3231+BME280+PMSX003-B+PMSX003-A,66,69,55,851.56,0.00,36568,0,362,15.89,17.23,17.89,15.89,17.23,17.89,62,62,2926.94,711.08,10.06,0.87,0.45,0.45,16.94,21.85,22.87,16.94,21.85,22.87,72,72,3179.69,892.69,101.31,5.76,1.19,0.00
2019/12/12T02:50:07z,80:7d:3a:2b:d8:6d,4.11,2.0+OPENLOG+15552 MB+DS3231+BME280+PMSX003-B+PMSX003-A,66,70,55,851.58,0.00,36568,0,482,13.24,13.73,13.73,13.24,13.73,13.73,54,54,2366.49,596.47,2.44,0.00,0.00,0.00,18.76,23.51,25.84,18.73,23.51,25.84,75,75,3367.79,954.87,115.75,7.64,2.24,0.00
2019/12/12T02:52:07z,80:7d:3a:2b:d8:6d,4.11,2.0+OPENLOG+15552 MB+DS3231+BME280+PMSX003-B+PMSX003-A,66,70,55,851.61,0.00,36568,0,602,29.06,29.18,29.32,27.72,29.18,29.32,87,87,5109.37,1246.00,2.03,0.37,0.00,0.00,18.25,22.79,25.45,18.24,22.79,25.45,73,73,3314.87,928.75,104.69,8.57,2.66,0.30
2019/12/12T02:54:07z,80:7d:3a:2b:d8:6d,4.11,2.0+OPENLOG+15552 MB+DS3231+BME280+PMSX003-B+PMSX003-A,66,70,55,851.56,0.00,36568,0,722,27.80,28.87,29.26,25.69,28.72,29.26,86,86,4627.08,1178.93,9.57,1.57,0.13,0.13,18.70,24.75,26.65,18.64,24.75,26.65,78,78,3511.87,976.57,119.72,10.38,1.57,0.00
2019/12/12T02:56:07z,80:7d:3a:2b:d8:6d,4.11,2.0+OPENLOG+15552 MB+DS3231+BME280+PMSX003-B+PMSX003-A,66,69,55,851.54,0.00,36568,0,842,62.95,63.45,63.45,45.60,53.45,60.21,155,145,9312.47,2529.98,3.76,0.14,0.00,0.00,20.64,26.18,29.21,20.13,26.18,29.21,81,81,3809.19,1076.43,126.12,11.79,2.36,0.00
2019/12/12T02:58:07z,80:7d:3a:2b:d8:6d,4.11,2.0+OPENLOG+15552 MB+DS3231+BME280+PMSX003-B+PMSX003-A,66,69,55,851.63,0.00,36568,0,962,28.45,29.75,29.75,25.52,28.82,29.75,88,86,4490.02,1179.61,8.73,0.69,0.00,0.00,22.19,27.94,29.82,21.09,27.87,29.82,84,84,4069.48,1139.22,126.73,7.46,1.28,0.45
2019/12/12T03:00:07z,80:7d:3a:2b:d8:6d,4.11,2.0+OPENLOG+15552 MB+DS3231+BME280+PMSX003-B+PMSX003-A,66,69,55,851.65,0.00,36568,0,1082,11.53,13.72,13.72,11.53,13.72,13.72,54,54,1916.21,512.53,11.23,0.53,0.00,0.00,23.07,29.15,31.01,21.63,28.75,31.01,87,86,4225.30,1177.34,135.16,8.00,1.40,0.00
2019/12/12T03:02:07z,80:7d:3a:2b:d8:6d,4.11,2.0+OPENLOG+15552 MB+DS3231+BME280+PMSX003-B+PMSX003-A,66,69,55,851.72,0.00,36568,0,1202,28.80,30.05,30.25,26.03,29.36,30.25,89,87,4377.89,1171.09,9.34,0.31,0.31,0.00,23.21,29.82,31.80,21.64,29.38,31.80,88,87,4203.68,1199.08,140.38,8.18,1.94,0.09
2019/12/12T03:04:09z,80:7d:3a:2b:d8:6d,4.11,2.0+OPENLOG+15552 MB+DS3231+BME280+PMSX003-B+PMSX003-A,66,69,55,851.80,nan,36656,0,121,47.11,48.93,49.29,35.93,42.84,47.78,134,119,6710.13,1853.42,7.87,0.27,0.27,0.27,19.19,24.04,25.04,19.13,24.04,25.04,76,76,3476.43,979.83,101.28,5.87,0.60,0.00
2019/12/12T03:06:09z,80:7d:3a:2b:d8:6d,4.11,2.0+OPENLOG+15552 MB+DS3231+BME280+PMSX003-B+PMSX003-A,66,69,55,851.79,0.00,36568,0,241,35.78,37.10,37.35,31.20,35.85,37.35,105,102,5230.00,1431.07,6.53,1.13,0.37,0.37,19.17,24.51,26.33,18.84,24.51,26.33,77,77,3478.13,987.58,114.26,7.57,1.65,0.14
2019/12/12T03:08:09z,80:7d:3a:2b:d8:6d,4.11,2.0+OPENLOG+15552 MB+DS3231+BME280+PMSX003-B+PMSX003-A,66,69,55,851.88,0.00,36568,0,361,63.02,64.47,64.55,45.84,53.18,60.35,156,145,8594.61,2419.74,10.10,0.90,0.00,0.00,19.45,25.85,27.64,19.27,25.85,27.64,80,80,3518.64,1010.21,123.34,10.54,1.64,0.12
2019/12/12T03:10:09z,80:7d:3a:2b:d8:6d,4.11,2.0+OPENLOG+15552 MB+DS3231+BME280+PMSX003-B+PMSX003-A,66,69,55,851.97,0.00,36568,0,481,35.17,37.60,37.60,30.72,35.62,37.28,106,101,5099.40,1420.58,11.43,1.80,0.00,0.00,19.35,24.49,26.61,19.04,24.49,26.61,77,77,3542.65,1001.01,120.14,7.39,1.83,0.43
2019/12/12T03:12:09z,80:7d:3a:2b:d8:6d,4.11,2.0+OPENLOG+15552 MB+DS3231+BME280+PMSX003-B+PMSX003-A,66,69,55,851.98,0.00,36568,0,601,70.72,71.81,72.05,51.08,57.73,65.28,159,152,9565.59,2714.66,7.16,1.06,0.16,0.16,20.30,26.42,28.50,19.85,26.42,28.50,81,81,3682.32,1038.98,133.97,8.76,2.12,0.00
2019/12/12T03:14:09z,80:7d:3a:2b:d8:6d,4.11,2.0+OPENLOG+15552 MB+DS3231+BME280+PMSX003-B+PMSX003-A,66,69,55,851.96,0.00,36568,0,721,54.46,56.77,56.88,42.23,49.04,54.13,152,134,7463.83,2117.98,16.02,0.50,0.15,0.15,20.52,27.47,29.23,19.77,27.30,29.23,83,83,3789.00,1079.98,129.97,9.39,2.12,0.00
2019/12/12T03:16:09z,80:7d:3a:2b:d8:6d,4.11,2.0+OPENLOG+15552 MB+DS3231+BME280+PMSX003-B+PMSX003-A,66,69,55,851.98,0.00,36568,0,841,45.68,47.51,47.51,36.14,42.37,46.06,131,118,6517.71,1808.85,9.91,0.00,0.00,0.00,20.25,25.67,28.01,19.74,25.67,28.01,80,80,3675.61,1040.54,125.90,6.90,2.84,0.00
2019/12/12T03:18:09z,80:7d:3a:2b:d8:6d,4.11,2.0+OPENLOG+15552 MB+DS3231+BME280+PMSX003-B+PMSX003-A,66,69,55,851.99,0.00,36568,0,961,39.66,41.49,41.49,33.00,38.54,41.02,116,108,5704.62,1575.07,9.80,0.00,0.00,0.00,20.77,27.67,29.58,20.11,27.67,29.58,84,84,3774.32,1072.41,128.35,10.06,1.48,0.30
2019/12/12T03:20:09z,80:7d:3a:2b:d8:6d,4.11,2.0+OPENLOG+15552 MB+DS3231+BME280+PMSX003-B+PMSX003-A,66,69,55,852.00,0.00,36568,0,1081,38.56,40.35,40.35,32.17,37.62,39.95,113,106,5643.00,1552.71,8.44,0.00,0.00,0.00,21.20,26.59,29.03,20.58,26.59,29.03,81,81,3891.91,1094.56,112.23,8.33,1.64,0.00
2019/12/12T03:22:09z,80:7d:3a:2b:d8:6d,4.11,2.0+OPENLOG+15552 MB+DS3231+BME280+PMSX003-B+PMSX003-A,66,69,55,852.06,0.00,36568,0,1201,14.05,15.95,15.95,13.64,15.95,15.95,59,59,2376.92,620.90,11.88,0.54,0.00,0.00,21.91,27.58,30.00,20.80,27.58,30.00,84,84,3947.35,1121.19,125.17,9.68,1.83,0.00
2019/12/12T03:24:11z,80:7d:3a:2b:d8:6d,4.11,2.0+OPENLOG+15552 MB+DS3231+BME280+PMSX003-B+PMSX003-A,66,69,55,852.14,nan,36656,0,121,26.65,28.15,28.15,24.40,27.62,28.15,85,84,4118.69,1115.04,7.62,0.00,0.00,0.00,33.98,42.98,46.28,26.93,37.15,44.78,119,105,6023.22,1721.59,194.13,11.57,4.39,0.35
2019/12/12T03:26:11z,80:7d:3a:2b:d8:6d,4.11,2.0+OPENLOG+15552 MB+DS3231+BME280+PMSX003-B+PMSX003-A,66,69,55,852.11,0.00,36504,0,241,18.58,22.36,26.04,17.55,22.13,25.82,73,72,2860.69,780.33,32.04,4.93,3.05,1.40,48.09,62.72,67.91,32.67,46.12,57.69,155,127,8476.39,2427.70,318.09,22.39,3.13,0.48
2019/12/12T03:28:11z,80:7d:3a:2b:d8:6d,4.11,2.0+OPENLOG+15552 MB+DS3231+BME280+PMSX003-B+PMSX003-A,66,69,55,852.04,0.00,36504,0,361,19.77,21.12,21.47,18.62,21.00,21.47,70,70,3116.86,837.30,8.88,0.34,0.34,0.00,43.59,56.32,59.67,31.43,44.00,53.62,151,122,7596.87,2177.61,267.17,13.13,3.30,0.23
2019/12/12T03:30:11z,80:7d:3a:2b:d8:6d,4.11,2.0+OPENLOG+15552 MB+DS3231+BME280+PMSX003-B+PMSX003-A,66,69,55,852.05,0.00,36504,0,481,36.46,36.49,36.49,31.11,34.89,36.49,103,99,5419.76,1458.30,0.83,0.00,0.00,0.00,46.30,58.67,63.00,32.48,44.91,55.49,153,124,8144.64,2306.93,263.58,17.19,3.97,0.66
2019/12/12T03:32:11z,80:7d:3a:2b:d8:6d,4.11,2.0+OPENLOG+15552 MB+DS3231+BME280+PMSX003-B+PMSX003-A,66,69,55,852.09,0.00,36504,0,601,23.98,25.53,25.69,20.26,23.59,25.48,79,75,3617.22,967.71,12.67,0.34,0.10,0.00,38.91,50.15,53.63,29.51,41.16,50.04,137,115,6930.97,1965.24,223.91,13.88,3.12,0.26
2019/12/12T03:34:11z,80:7d:3a:2b:d8:6d,4.11,2.0+OPENLOG+15552 MB+DS3231+BME280+PMSX003-B+PMSX003-A,66,69,55,852.13,0.00,36504,0,721,8.67,10.80,11.02,8.67,10.80,11.02,45,45,1596.56,398.19,23.62,0.53,0.03,0.00,30.53,37.72,40.79,25.56,34.22,40.29,106,98,5420.65,1533.68,172.56,10.44,2.85,0.15
2019/12/12T03:36:11z,80:7d:3a:2b:d8:6d,4.11,2.0+OPENLOG+15552 MB+DS3231+BME280+PMSX003-B+PMSX003-A,66,69,55,852.16,0.00,36504,0,841,7.12,8.38,8.38,7.12,8.38,8.38,35,35,1430.43,339.29,13.57,0.00,0.00,0.00,22.10,26.93,29.36,21.00,26.88,29.36,82,82,3978.67,1116.04,122.19,8.12,2.84,0.00
2019/12/12T03:38:11z,80:7d:3a:2b:d8:6d,4.11,2.0+OPENLOG+15552 MB+DS3231+BME280+PMSX003-B+PMSX003-A,66,69,55,852.15,0.00,36504,0,961,8.28,9.45,10.40,8.28,9.45,10.40,39,39,1735.66,408.75,9.17,1.31,0.62,0.46,19.60,24.28,25.21,19.33,24.28,25.21,77,77,3566.55,986.75,101.97,7.70,0.51,0.00
2019/12/12T03:40:11z,80:7d:3a:2b:d8:6d,4.11,2.0+OPENLOG+15552 MB+DS3231+BME280+PMSX003-B+PMSX003-A,66,69,55,852.21,0.00,36504,0,1081,13.44,14.40,14.40,13.44,14.40,14.40,56,56,2551.98,610.92,6.29,0.48,0.00,0.00,18.91,24.16,26.56,18.84,24.16,26.56,76,76,3506.29,982.46,121.01,7.38,2.32,0.94
2019/12/12T03:42:11z,80:7d:3a:2b:d8:6d,4.11,2.0+OPENLOG+15552 MB+DS3231+BME280+PMSX003-B+PMSX003-A,66,69,55,852.23,0.00,36504,0,1201,13.00,13.70,13.70,13.00,13.70,13.70,54,54,2444.37,593.96,4.46,0.14,0.00,0.00,20.78,26.53,29.13,20.26,26.46,29.13,81,81,3820.28,1067.93,119.41,7.68,2.76,0.53
2019/12/12T03:44:14z,80:7d:3a:2b:d8:6d,4.11,2.0+OPENLOG+15552 MB+DS3231+BME280+PMSX003-B+PMSX003-A,66,69,55,852.28,nan,36656,0,122,5.96,6.52,6.52,5.96,6.52,6.52,27,27,1176.92,298.85,4.81,0.00,0.00,0.00,19.42,23.56,25.12,19.15,23.56,25.12,75,75,3706.06,1015.48,98.15,4.96,1.33,0.58
2019/12/12T03:46:14z,80:7d:3a:2b:d8:6d,4.11,2.0+OPENLOG+15552 MB+DS3231+BME280+PMSX003-B+PMSX003-A,66,69,55,852.22,0.00,36504,0,242,14.40,14.40,14.43,14.40,14.40,14.43,56,56,2697.41,651.43,0.03,0.03,0.03,0.03,19.21,23.56,25.94,18.87,23.56,25.94,75,75,3717.47,1025.89,107.09,9.86,1.06,0.00
2019/12/12T03:48:14z,80:7d:3a:2b:d8:6d,4.11,2.0+OPENLOG+15552 MB+DS3231+BME280+PMSX003-B+PMSX003-A,66,68,55,852.27,0.00,36504,0,362,16.85,17.48,18.27,16.82,17.48,18.27,62,62,3016.00,741.57,9.05,1.07,0.57,0.57,19.24,24.12,26.76,19.09,24.12,26.76,76,76,3482.65,980.16,108.75,8.74,3.00,0.41
2019/12/12T03:50:14z,80:7d:3a:2b:d8:6d,4.11,2.0+OPENLOG+15552 MB+DS3231+BME280+PMSX003-B+PMSX003-A,66,68,55,852.33,0.00,36504,0,482,6.23,7.05,7.05,6.23,7.05,7.05,29,29,1302.55,312.26,5.51,0.00,0.00,0.00,18.39,23.35,24.35,18.35,23.35,24.35,75,75,3489.17,972.28,115.35,6.23,0.29,0.00
2019/12/12T03:52:14z,80:7d:3a:2b:d8:6d,4.11,2.0+OPENLOG+15552 MB+DS3231+BME280+PMSX003-B+PMSX003-A,66,68,55,852.32,0.00,36504,0,602,11.60,11.60,11.60,11.60,11.60,11.60,48,48,2279.50,541.67,0.43,0.00,0.00,0.00,18.72,24.54,26.31,18.56,24.54,26.31,77,77,3507.66,979.25,118.97,9.12,1.44,0.41
2019/12/12T03:54:14z,80:7d:3a:2b:d8:6d,4.11,2.0+OPENLOG+15552 MB+DS3231+BME280+PMSX003-B+PMSX003-A,66,68,55,852.37,0.00,36504,0,722,8.35,9.42,9.42,8.35,9.42,9.42,39,39,1718.75,408.55,7.15,0.00,0.00,0.00,19.13,24.43,25.83,19.13,24.43,25.83,77,77,3426.09,967.81,113.09,8.41,0.38,0.00
2019/12/12T03:56:14z,80:7d:3a:2b:d8:6d,4.11,2.0+OPENLOG+15552 MB+DS3231+BME280+PMSX003-B+PMSX003-A,67,68,56,852.32,0.00,36504,0,842,13.94,13.97,15.52,13.94,13.97,15.52,55,55,2634.86,622.37,5.30,1.56,1.05,1.05,18.83,23.31,25.16,18.83,23.31,25.16,75,75,3342.09,954.84,108.77,7.14,1.60,0.00
2019/12/12T03:58:14z,80:7d:3a:2b:d8:6d,4.11,2.0+OPENLOG+15552 MB+DS3231+BME280+PMSX003-B+PMSX003-A,67,67,56,852.33,0.00,36504,0,962,14.02,14.03,14.33,14.02,14.03,14.33,55,55,2632.70,621.92,4.70,0.83,0.00,0.00,18.41,24.52,26.34,18.39,24.52,26.34,77,77,3437.81,970.16,118.95,7.00,1.03,0.47
2019/12/12T04:00:14z,80:7d:3a:2b:d8:6d,4.11,2.0+OPENLOG+15552 MB+DS3231+BME280+PMSX003-B+PMSX003-A,67,67,56,852.32,0.00,36504,0,1082,9.34,10.11,10.31,9.34,10.11,10.31,42,42,1911.82,455.69,7.19,0.45,0.00,0.00,19.06,24.20,26.39,18.87,24.20,26.39,76,76,3464.43,976.57,110.83,7.88,2.43,0.26
2019/12/12T04:02:14z,80:7d:3a:2b:d8:6d,4.11,2.0+OPENLOG+15552 MB+DS3231+BME280+PMSX003-B+PMSX003-A,67,67,56,852.29,0.00,36504,0,1202,12.31,12.54,12.54,12.31,12.54,12.54,52,52,2434.57,566.83,3.23,0.00,0.00,0.00,20.59,25.65,26.48,20.23,25.62,26.48,80,79,3670.30,1039.12,109.41,6.96,0.41,0.23
2019/12/12T04:04:16z,80:7d:3a:2b:d8:6d,4.11,2.0+OPENLOG+15552 MB+DS3231+BME280+PMSX003-B+PMSX003-A,67,68,56,852.37,nan,36320,0,121,0.10,0.93,1.02,0.10,0.93,1.02,4,4,101.93,24.52,8.48,0.38,0.00,0.00,20.38,26.68,28.06,19.79,26.68,28.06,82,82,3648.26,1046.38,116.09,7.57,1.40,0.51
2019/12/12T04:06:16z,80:7d:3a:2b:d8:6d,4.11,2.0+OPENLOG+15552 MB+DS3231+BME280+PMSX003-B+PMSX003-A,67,68,56,852.36,0.00,36232,0,241,7.26,7.30,7.30,7.26,7.30,7.30,30,30,1282.43,347.56,0.13,0.00,0.00,0.00,21.01,26.81,28.85,20.22,26.57,28.85,82,81,3852.12,1083.38,118.15,9.47,1.92,0.47
2019/12/12T04:08:16z,80:7d:3a:2b:d8:6d,4.11,2.0+OPENLOG+15552 MB+DS3231+BME280+PMSX003-B+PMSX003-A,67,67,56,852.38,0.00,36168,0,361,13.14,13.39,13.39,13.14,13.39,13.39,54,54,2108.62,578.27,5.47,0.00,0.00,0.00,21.87,27.07,28.18,20.67,27.00,28.18,82,82,4016.10,1119.70,120.16,6.12,1.04,0.00
2019/12/12T04:10:16z,80:7d:3a:2b:d8:6d,4.11,2.0+OPENLOG+15552 MB+DS3231+BME280+PMSX003-B+PMSX003-A,67,68,56,852.39,0.00,36456,0,481,8.75,9.90,9.90,8.75,9.90,9.90,41,41,1510.58,416.69,6.92,0.00,0.00,0.00,22.16,28.33,30.70,21.16,28.06,30.70,85,85,4052.61,1142.52,123.93,10.12,2.78,0.81
2019/12/12T04:12:16z,80:7d:3a:2b:d8:6d,4.11,2.0+OPENLOG+15552 MB+DS3231+BME280+PMSX003-B+PMSX003-A,67,68,56,852.43,0.00,36456,0,601,1.92,2.61,2.98,1.92,2.61,2.98,11,11,488.85,140.44,2.81,1.02,0.47,0.47,23.68,30.41,33.37,22.15,29.90,33.37,90,88,4331.07,1217.40,144.85,10.00,3.00,0.32
2019/12/12T04:14:16z,80:7d:3a:2b:d8:6d,4.11,2.0+OPENLOG+15552 MB+DS3231+BME280+PMSX003-B+PMSX003-A,64,67,53,849.93,0.00,36456,0,721,6.27,6.56,6.56,6.27,6.56,6.56,27,27,1018.14,291.89,6.36,0.00,0.00,0.00,25.32,30.83,33.77,22.88,30.25,33.77,90,89,4544.58,1275.06,130.02,9.97,3.82,1.60
2019/12/12T04:16:16z,80:7d:3a:2b:d8:6d,4.11,2.0+OPENLOG+15552 MB+DS3231+BME280+PMSX003-B+PMSX003-A,67,67,55,852.41,0.00,36456,0,841,3.45,4.40,5.45,3.45,4.40,5.45,18,18,616.16,174.90,11.55,1.39,0.94,0.74,25.48,32.33,34.61,22.75,31.01,34.61,94,91,4538.19,1290.28,148.37,9.31,1.94,0.00
2019/12/12T04:18:16z,80:7d:3a:2b:d8:6d,4.11,2.0+OPENLOG+15552 MB+DS3231+BME280+PMSX003-B+PMSX003-A,67,67,55,852.37,0.00,36456,0,961,6.55,7.59,9.46,6.55,7.59,9.46,32,32,1059.64,303.16,19.61,2.79,0.75,0.75,25.87,32.96,35.01,23.21,31.44,35.01,95,92,4709.57,1319.04,156.99,7.66,2.17,0.00
2019/12/12T04:20:16z,80:7d:3a:2b:d8:6d,4.11,2.0+OPENLOG+15552 MB+DS3231+BME280+PMSX003-B+PMSX003-A,67,67,56,852.36,0.00,36456,0,1081,4.56,6.35,7.19,4.56,6.35,7.19,26,26,761.57,216.71,14.46,1.90,0.70,0.70,26.92,35.04,37.36,23.33,32.39,37.36,99,94,4946.38,1403.42,171.14,12.58,2.47,0.00
2019/12/12T04:22:16z,80:7d:3a:2b:d8:6d,4.11,2.0+OPENLOG+15552 MB+DS3231+BME280+PMSX003-B+PMSX003-A,67,67,55,852.36,0.00,36456,0,1201,7.93,10.12,12.02,7.93,10.12,12.02,42,42,1218.90,338.17,33.12,3.17,1.07,0.00,35.22,48.60,52.15,27.95,40.42,48.94,133,113,6232.20,1774.02,260.42,18.25,3.20,0.34
2019/12/12T04:24:18z,80:7d:3a:2b:d8:6d,4.11,2.0+OPENLOG+15552 MB+DS3231+BME280+PMSX003-B+PMSX003-A,67,67,55,852.38,nan,36656,0,122,4.31,6.88,9.76,4.31,6.88,9.76,29,29,802.65,211.94,26.31,4.90,1.67,1.47,34.85,46.65,50.08,28.00,39.46,47.92,128,111,6070.56,1744.54,238.48,17.08,3.38,0.33
2019/12/12T04:26:18z,80:7d:3a:2b:d8:6d,4.11,2.0+OPENLOG+15552 MB+DS3231+BME280+PMSX003-B+PMSX003-A,67,67,55,852.40,0.00,36504,0,242,6.93,8.70,9.65,6.93,8.70,9.65,36,36,1193.37,329.88,19.37,1.19,0.49,0.49,29.79,39.08,42.24,25.32,35.08,41.56,110,99,5394.91,1514.91,193.77,13.39,2.30,0.33
2019/12/12T04:28:18z,80:7d:3a:2b:d8:6d,4.11,2.0+OPENLOG+15552 MB+DS3231+BME280+PMSX003-B+PMSX003-A,67,67,55,852.37,0.00,36504,0,362,11.68,13.76,15.91,11.68,13.76,15.91,54,54,2095.73,530.33,25.89,2.52,1.00,1.00,30.55,40.33,44.61,25.78,35.84,43.99,113,102,5485.12,1555.36,200.52,15.43,4.69,1.16
2019/12/12T04:30:18z,80:7d:3a:2b:d8:6d,4.11,2.0+OPENLOG+15552 MB+DS3231+BME280+PMSX003-B+PMSX003-A,67,67,55,852.36,0.00,36504,0,482,7.31,10.95,13.25,7.31,10.95,13.25,46,46,1126.67,312.26,38.90,3.90,1.51,1.08,31.15,38.87,42.66,26.28,35.12,42.43,109,99,5496.71,1562.40,182.47,12.79,3.26,0.15
2019/12/12T04:32:18z,80:7d:3a:2b:d8:6d,4.11,2.0+OPENLOG+15552 MB+DS3231+BME280+PMSX003-B+PMSX003-A,66,67,54,852.31,0.00,36504,0,602,6.36,9.93,10.87,6.36,9.93,10.87,41,41,1044.25,288.61,35.64,1.61,0.79,0.39,32.54,42.43,44.49,26.75,37.10,43.96,118,105,5790.43,1659.71,197.32,10.14,1.28,0.00
2019/12/12T04:34:18z,80:7d:3a:2b:d8:6d,4.11,2.0+OPENLOG+15552 MB+DS3231+BME280+PMSX003-B+PMSX003-A,66,66,54,852.35,0.00,36504,0,722,18.98,21.00,21.97,18.74,21.00,21.97,70,70,3016.94,770.51,27.86,2.28,0.40,0.40,34.10,43.61,46.03,27.57,37.78,45.25,121,107,6186.43,1740.16,178.03,11.04,2.14,0.00
2019/12/12T04:36:18z,80:7d:3a:2b:d8:6d,4.11,2.0+OPENLOG+15552 MB+DS3231+BME280+PMSX003-B+PMSX003-A,66,67,54,852.38,0.00,36504,0,842,29.73,31.84,33.29,27.23,31.73,33.29,93,92,4441.34,1203.66,25.23,1.89,0.64,0.64,38.07,46.99,49.30,29.04,39.52,47.33,129,111,6884.39,1925.65,196.49,11.25,1.62,0.00
2019/12/12T04:38:18z,80:7d:3a:2b:d8:6d,4.11,2.0+OPENLOG+15552 MB+DS3231+BME280+PMSX003-B+PMSX003-A,66,67,54,852.45,0.00,36504,0,962,35.83,36.27,36.47,31.73,35.28,36.47,103,100,5492.95,1459.58,9.89,0.38,0.00,0.00,36.81,45.90,47.53,28.35,39.06,46.21,127,110,6631.72,1858.10,190.37,9.79,1.53,0.00
2019/12/12T04:40:18z,80:7d:3a:2b:d8:6d,4.11,2.0+OPENLOG+15552 MB+DS3231+BME280+PMSX003-B+PMSX003-A,67,66,55,852.47,0.00,36504,0,1082,22.69,26.11,27.30,19.47,24.89,27.30,80,78,3352.08,922.94,32.41,2.41,0.88,0.59,40.42,48.87,51.46,30.27,40.64,48.85,134,114,7075.30,2007.99,196.01,13.91,1.61,0.00
2019/12/12T04:42:18z,80:7d:3a:2b:d8:6d,4.11,2.0+OPENLOG+15552 MB+DS3231+BME280+PMSX003-B+PMSX003-A,67,66,55,852.46,0.00,36504,0,1202,13.64,14.79,16.14,13.64,14.79,16.14,57,57,2532.62,608.57,14.31,1.79,0.83,0.41,38.36,46.03,48.41,29.11,39.00,46.77,127,110,6968.87,1948.51,189.07,9.86,2.14,0.17
2019/12/12T04:44:20z,80:7d:3a:2b:d8:6d,4.11,2.0+OPENLOG+15552 MB+DS3231+BME280+PMSX003-B+PMSX003-A,67,66,55,852.50,nan,36656,0,121,17.59,19.51,21.63,17.59,19.51,21.63,67,67,2996.33,746.96,26.82,4.82,1.31,0.57,36.43,43.07,45.57,28.52,37.52,44.87,120,106,6510.26,1823.17,166.41,10.35,1.91,0.00
2019/12/12T04:46:20z,80:7d:3a:2b:d8:6d,4.11,2.0+OPENLOG+15552 MB+DS3231+BME280+PMSX003-B+PMSX003-A,67,65,55,852.52,0.00,36568,0,241,33.79,35.38,39.36,31.21,35.28,39.36,100,100,5171.53,1365.12,24.97,6.24,3.07,1.52,28.48,35.06,38.70,24.70,32.81,38.70,99,95,5128.52,1447.68,160.71,12.35,2.38,0.93
2019/12/12T04:48:20z,80:7d:3a:2b:d8:6d,4.11,2.0+OPENLOG+15552 MB+DS3231+BME280+PMSX003-B+PMSX003-A,67,65,55,852.53,0.00,36568,0,361,28.49,30.94,32.49,25.44,30.60,32.49,91,90,4273.57,1164.24,23.37,3.40,0.76,0.16,27.41,35.00,37.22,23.93,32.66,37.22,99,94,4972.94,1411.79,160.74,11.47,2.12,0.00
2019/12/12T04:50:20z,80:7d:3a:2b:d8:6d,4.11,2.0+OPENLOG+15552 MB+DS3231+BME280+PMSX003-B+PMSX003-A,67,65,55,852.53,0.00,36568,0,481,15.52,17.62,17.95,15.52,17.62,17.95,63,63,2560.17,644.41,19.88,1.91,0.47,0.00,21.94,28.12,30.09,20.74,27.71,30.09,85,84,3977.40,1124.60,127.72,5.91,2.00,0.74
2019/12/12T04:52:20z,80:7d:3a:2b:d8:6d,4.11,2.0+OPENLOG+15552 MB+DS3231+BME280+PMSX003-B+PMSX003-A,67,66,55,852.53,0.00,36504,0,601,42.92,44.19,44.86,36.98,43.03,44.86,122,120,6170.34,1692.59,16.47,1.29,0.41,0.00,22.00,28.24,30.79,21.07,28.01,30.79,85,84,3960.45,1124.31,128.58,11.25,2.39,0.00
2019/12/12T04:54:20z,80:7d:3a:2b:d8:6d,4.11,2.0+OPENLOG+15552 MB+DS3231+BME280+PMSX003-B+PMSX003-A,67,67,55,852.59,0.00,36504,0,721,67.83,68.00,68.00,47.73,57.73,66.24,157,152,9366.48,2614.75,0.89,0.00,0.00,0.00,23.09,29.28,31.04,21.61,28.90,31.04,87,86,4208.52,1192.10,133.32,5.57,1.33,0.00
2019/12/12T04:56:20z,80:7d:3a:2b:d8:6d,4.11,2.0+OPENLOG+15552 MB+DS3231+BME280+PMSX003-B+PMSX003-A,67,67,55,852.63,0.00,36504,0,841,22.15,23.78,23.90,21.47,23.78,23.90,76,76,3576.66,925.44,13.14,0.17,0.00,0.00,23.85,30.18,32.88,21.96,29.72,32.88,89,88,4325.21,1218.19,149.68,9.74,3.00,1.03
2019/12/12T04:58:20z,80:7d:3a:2b:d8:6d,4.11,2.0+OPENLOG+15552 MB+DS3231+BME280+PMSX003-B+PMSX003-A,67,67,55,852.70,0.00,36504,0,961,7.97,9.39,9.39,7.97,9.39,9.39,39,39,1604.42,392.13,10.68,0.87,0.00,0.00,21.82,29.24,31.53,20.83,29.14,31.53,87,87,4025.45,1121.58,150.11,12.03,2.00,0.39
2019/12/12T05:00:20z,80:7d:3a:2b:d8:6d,4.11,2.0+OPENLOG+15552 MB+DS3231+BME280+PMSX003-B+PMSX003-A,67,67,55,852.76,0.00,36504,0,1081,11.32,11.86,11.86,11.32,11.86,11.86,49,49,2051.14,515.06,3.91,0.00,0.00,0.00,23.74,31.87,34.64,22.03,30.96,34.64,93,91,4269.04,1224.16,161.61,12.20,2.14,0.46
2019/12/12T05:02:20z,80:7d:3a:2b:d8:6d,4.11,2.0+OPENLOG+15552 MB+DS3231+BME280+PMSX003-B+PMSX003-A,67,67,55,852.82,0.00,36504,0,1201,1.70,2.67,2.67,1.70,2.67,2.67,11,11,338.17,100.87,8.93,0.00,0.00,0.00,23.60,31.30,33.86,21.86,30.41,33.86,91,90,4347.64,1223.07,159.61,10.71,2.51,0.46
2019/12/12T05:04:22z,80:7d:3a:2b:d8:6d,4.11,2.0+OPENLOG+15552 MB+DS3231+BME280+PMSX003-B+PMSX003-A,68,67,56,852.87,nan,36656,0,121,0.38,1.08,1.08,0.38,1.08,1.08,5,5,151.68,42.66,8.28,0.00,0.00,0.00,22.83,28.26,31.19,21.45,28.04,31.19,85,85,4146.13,1160.53,138.06,9.23,2.77,0.64
2019/12/12T05:06:22z,80:7d:3a:2b:d8:6d,4.11,2.0+OPENLOG+15552 MB+DS3231+BME280+PMSX003-B+PMSX003-A,68,66,56,852.87,0.00,36568,0,241,0.45,1.28,1.58,0.45,1.28,1.58,5,5,215.85,60.37,7.98,1.43,0.00,0.00,21.65,28.41,29.84,20.51,28.28,29.84,85,85,4039.70,1142.16,130.09,7.10,0.87,0.14
2019/12/12T05:08:22z,80:7d:3a:2b:d8:6d,4.11,2.0+OPENLOG+15552 MB+DS3231+BME280+PMSX003-B+PMSX003-A,69,65,57,852.89,0.00,36568,0,361,0.27,0.41,0.41,0.27,0.41,0.41,2,2,144.66,38.36,3.22,0.00,0.00,0.00,22.64,28.97,29.80,21.25,28.59,29.80,86,86,4102.74,1161.22,132.00,7.97,1.01,0.00
2019/12/12T05:10:22z,80:7d:3a:2b:d8:6d,4.11,2.0+OPENLOG+15552 MB+DS3231+BME280+PMSX003-B+PMSX003-A,69,65,56,852.93,0.00,36568,0,481,1.31,2.19,2.78,1.31,2.19,2.78,9,9,306.27,87.10,12.24,0.78,0.30,0.30,21.19,27.34,28.98,20.28,27.14,28.98,83,83,3838.97,1098.52,134.94,7.44,0.69,0.00
2019/12/12T05:12:22z,80:7d:3a:2b:d8:6d,4.11,2.0+OPENLOG+15552 MB+DS3231+BME280+PMSX003-B+PMSX003-A,70,64,57,852.89,0.00,36568,0,601,3.03,4.39,4.53,3.03,4.39,4.53,18,18,556.65,152.60,15.06,0.10,0.10,0.10,20.25,25.22,26.22,19.76,25.22,26.22,79,79,3660.35,1035.84,114.88,4.74,0.74,0.41
2019/12/12T05:14:22z,80:7d:3a:2b:d8:6d,4.11,2.0+OPENLOG+15552 MB+DS3231+BME280+PMSX003-B+PMSX003-A,70,63,57,852.95,0.00,36568,0,721,0.95,2.00,2.04,0.95,2.00,2.04,8,8,280.89,77.84,11.77,0.04,0.04,0.00,19.72,25.31,26.68,19.34,25.31,26.68,79,79,3644.07,1024.38,118.23,6.90,0.96,0.14
2019/12/12T05:16:22z,80:7d:3a:2b:d8:6d,4.11,2.0+OPENLOG+15552 MB+DS3231+BME280+PMSX003-B+PMSX003-A,70,62,56,852.87,0.00,36568,0,841,6.92,8.56,11.95,6.92,8.56,11.95,36,36,1074.00,293.61,31.38,4.64,1.97,1.52,27.62,34.78,37.60,24.26,32.46,37.43,99,94,4926.18,1403.71,158.38,12.03,1.71,0.38
2019/12/12T05:18:22z,80:7d:3a:2b:d8:6d,4.11,2.0+OPENLOG+15552 MB+DS3231+BME280+PMSX003-B+PMSX003-A,70,62,56,852.90,0.00,36568,0,961,6.93,9.93,11.67,6.93,9.93,11.67,41,41,1042.87,295.98,29.84,3.08,0.98,0.82,30.59,38.39,40.56,25.97,34.89,40.55,108,99,5486.41,1543.12,168.00,8.15,2.00,0.18
2019/12/12T05:20:22z,80:7d:3a:2b:d8:6d,4.11,2.0+OPENLOG+15552 MB+DS3231+BME280+PMSX003-B+PMSX003-A,70,63,56,852.98,0.00,36568,0,1081,3.03,4.13,5.16,3.03,4.13,5.16,17,17,552.84,155.10,17.38,1.70,0.43,0.43,31.96,39.87,42.55,26.49,35.46,42.24,112,100,5730.09,1618.04,181.45,10.45,2.27,0.54
2019/12/12T05:22:22z,80:7d:3a:2b:d8:6d,4.11,2.0+OPENLOG+15552 MB+DS3231+BME280+PMSX003-B+PMSX003-A,71,62,57,852.92,0.00,36568,0,1201,4.86,6.03,7.23,4.86,6.03,7.23,25,25,706.11,205.34,20.09,2.31,0.89,0.52,30.63,38.00,40.16,25.67,34.57,39.93,107,98,5506.93,1547.52,166.87,7.37,2.09,0.57
2019/12/12T05:24:24z,80:7d:3a:2b:d8:6d,4.11,2.0+OPENLOG+15552 MB+DS3231+BME280+PMSX003-B+PMSX003-A,71,62,57,852.92,nan,36656,0,121,11.56,14.71,17.24,11.56,14.71,17.24,56,56,1483.00,436.73,39.36,4.80,1.20,0.44,30.64,39.36,42.40,25.58,35.07,41.22,110,99,5348.33,1518.16,199.36,8.80,2.93,0.76
2019/12/12T05:28:31z,80:7d:3a:2b:d8:6d,4.11,2.0+OPENLOG+15552 MB+DS3231+BME280+PMSX003-B+PMSX003-A,71,62,57,852.96,nan,36656,0,121,5.59,7.85,8.07,5.59,7.85,8.07,33,33,827.09,236.48,18.24,1.70,0.22,0.00,32.36,42.87,45.22,26.49,37.13,44.33,119,105,5784.87,1661.62,204.73,12.00,2.00,0.36
2019/12/12T05:30:31z,80:7d:3a:2b:d8:6d,4.11,2.0+OPENLOG+15552 MB+DS3231+BME280+PMSX003-B+PMSX003-A,71,62,57,853.02,0.00,36568,0,241,8.00,11.09,14.62,8.00,11.09,14.62,46,46,1085.13,319.65,39.04,5.02,2.25,1.24,31.28,39.23,40.70,26.20,35.33,40.70,110,100,5520.35,1562.32,170.26,10.06,1.45,0.00
2019/12/12T05:32:31z,80:7d:3a:2b:d8:6d,4.11,2.0+OPENLOG+15552 MB+DS3231+BME280+PMSX003-B+PMSX003-A,71,62,57,852.98,0.00,36568,0,361,7.56,10.06,12.23,7.56,10.06,12.23,42,42,1069.60,307.77,37.00,2.71,1.32,1.03,29.07,36.90,39.04,25.06,33.97,39.04,104,97,5122.99,1440.99,181.29,9.21,1.88,0.50
2019/12/12T05:34:31z,80:7d:3a:2b:d8:6d,4.11,2.0+OPENLOG+15552 MB+DS3231+BME280+PMSX003-B+PMSX003-A,71,62,57,852.98,0.00,36568,0,481,4.16,6.10,6.74,4.16,6.10,6.74,25,25,753.34,207.21,17.69,1.23,0.29,0.13,27.82,35.94,37.59,24.02,33.05,37.58,102,95,5019.59,1435.21,171.53,10.18,0.64,0.00
2019/12/12T05:36:31z,80:7d:3a:2b:d8:6d,4.11,2.0+OPENLOG+15552 MB+DS3231+BME280+PMSX003-B+PMSX003-A,71,62,57,853.01,0.00,36568,0,601,2.52,3.72,5.83,2.52,3.72,5.83,16,16,500.22,140.19,12.93,2.72,1.45,0.97,24.75,30.61,31.88,22.41,29.91,31.88,90,88,4460.35,1269.51,133.03,7.68,0.49,0.00
2019/12/12T05:38:31z,80:7d:3a:2b:d8:6d,4.11,2.0+OPENLOG+15552 MB+DS3231+BME280+PMSX003-B+PMSX003-A,71,62,57,853.05,0.00,36568,0,721,0.74,1.89,1.89,0.74,1.89,1.89,8,8,294.78,79.83,8.77,0.40,0.00,0.00,24.77,32.55,36.00,22.59,31.12,36.00,94,91,4399.95,1253.55,162.27,14.97,3.39,0.00
2019/12/12T05:40:31z,80:7d:3a:2b:d8:6d,4.11,2.0+OPENLOG+15552 MB+DS3231+BME280+PMSX003-B+PMSX003-A,72,61,58,853.07,0.00,36568,0,841,2.56,3.65,4.00,2.56,3.65,4.00,15,15,509.00,141.16,16.35,1.33,0.00,0.00,24.26,31.59,33.25,22.04,30.56,33.25,92,90,4406.74,1243.51,157.29,9.12,0.91,0.00
2019/12/12T05:42:31z,80:7d:3a:2b:d8:6d,4.11,2.0+OPENLOG+15552 MB+DS3231+BME280+PMSX003-B+PMSX003-A,72,61,57,853.06,0.00,36568,0,961,1.32,2.05,2.83,1.32,2.05,2.83,9,9,399.70,101.00,10.60,1.00,0.47,0.00,23.33,30.62,32.52,21.79,29.97,32.52,90,89,4163.77,1185.62,149.12,9.42,1.48,0.00
2019/12/12T05:44:31z,80:7d:3a:2b:d8:6d,4.11,2.0+OPENLOG+15552 MB+DS3231+BME280+PMSX003-B+PMSX003-A,72,61,57,853.12,0.00,36568,0,1081,1.02,2.03,2.06,1.02,2.03,2.06,8,8,377.48,91.11,8.03,0.12,0.00,0.00,25.90,33.33,35.04,23.13,31.90,35.04,96,93,4584.39,1292.68,161.74,10.09,1.30,0.00
2019/12/12T05:46:31z,80:7d:3a:2b:d8:6d,4.11,2.0+OPENLOG+15552 MB+DS3231+BME280+PMSX003-B+PMSX003-A,73,60,58,853.11,0.00,36504,0,1201,1.35,1.82,1.82,1.35,1.82,1.82,8,8,327.39,92.32,8.23,0.00,0.00,0.00,26.88,34.68,37.17,23.71,32.41,37.17,98,94,4830.35,1363.01,166.16,11.25,1.97,0.00
2019/12/12T05:48:33z,80:7d:3a:2b:d8:6d,4.11,2.0+OPENLOG+15552 MB+DS3231+BME280+PMSX003-B+PMSX003-A,73,59,58,853.11,nan,36656,0,121,2.07,3.30,3.30,2.07,3.30,3.30,14,14,395.79,109.67,9.86,0.37,0.00,0.00,24.44,32.02,35.23,22.21,30.98,35.23,93,91,4466.62,1261.06,155.35,10.38,4.46,0.88
2019/12/12T05:50:33z,80:7d:3a:2b:d8:6d,4.11,2.0+OPENLOG+15552 MB+DS3231+BME280+PMSX003-B+PMSX003-A,74,59,58,853.14,0.00,36504,0,241,1.40,3.08,3.08,1.40,3.08,3.08,13,13,329.12,85.32,16.06,0.34,0.00,0.00,24.42,32.30,34.16,22.30,31.10,34.16,93,91,4309.00,1239.39,157.72,9.62,1.68,0.00
2019/12/12T05:52:33z,80:7d:3a:2b:d8:6d,4.11,2.0+OPENLOG+15552 MB+DS3231+BME280+PMSX003-B+PMSX003-A,74,58,58,853.10,0.00,36504,0,361,0.50,1.86,2.79,0.50,1.86,2.79,8,8,194.73,55.05,12.66,1.21,0.79,0.43,20.53,27.39,30.00,20.00,27.39,30.00,83,83,3741.50,1064.11,138.27,10.94,2.42,0.30
2019/12/12T05:54:33z,80:7d:3a:2b:d8:6d,4.11,2.0+OPENLOG+15552 MB+DS3231+BME280+PMSX003-B+PMSX003-A,74,58,58,853.17,0.00,36504,0,481,0.73,1.43,2.25,0.73,1.43,2.25,6,6,312.43,79.21,6.00,2.19,0.00,0.00,19.55,24.75,26.68,19.48,24.74,26.68,78,78,3469.34,991.54,120.28,7.63,2.12,0.00
2019/12/12T05:56:33z,80:7d:3a:2b:d8:6d,4.11,2.0+OPENLOG+15552 MB+DS3231+BME280+PMSX003-B+PMSX003-A,74,57,58,853.15,0.00,36504,0,601,0.42,0.42,0.55,0.42,0.42,0.55,2,2,172.05,44.02,0.13,0.13,0.00,0.00,20.87,28.29,29.93,20.03,28.25,29.93,85,85,3711.66,1078.72,148.46,8.06,1.32,0.00
2019/12/12T05:58:33z,80:7d:3a:2b:d8:6d,4.11,2.0+OPENLOG+15552 MB+DS3231+BME280+PMSX003-B+PMSX003-A,75,56,58,853.15,0.00,36504,0,721,0.34,0.50,0.50,0.34,0.50,0.50,2,2,114.67,33.52,2.31,0.07,0.00,0.00,21.48,26.87,28.10,20.43,26.87,28.10,82,82,3774.36,1070.91,137.16,6.42,0.00,0.00
2019/12/12T06:00:33z,80:7d:3a:2b:d8:6d,4.11,2.0+OPENLOG+15552 MB+DS3231+BME280+PMSX003-B+PMSX003-A,75,56,58,853.15,0.00,36504,0,841,0.36,0.88,1.53,0.36,0.88,1.53,4,4,222.10,55.63,5.19,0.95,0.54,0.00,20.88,26.51,28.21,20.19,26.51,28.21,81,81,3718.24,1059.19,124.01,8.47,1.50,0.00
2019/12/12T06:02:33z,80:7d:3a:2b:d8:6d,4.11,2.0+OPENLOG+15552 MB+DS3231+BME280+PMSX003-B+PMSX003-A,76,56,59,853.15,0.00,36504,0,961,0.80,1.49,2.51,0.80,1.49,2.51,6,6,270.71,73.69,7.25,2.41,0.58,0.58,21.36,27.45,29.11,20.45,27.33,29.11,83,83,3836.91,1080.26,136.91,9.06,1.33,0.24
2019/12/12T06:04:33z,80:7d:3a:2b:d8:6d,4.11,2.0+OPENLOG+15552 MB+DS3231+BME280+PMSX003-B+PMSX003-A,76,55,58,853.26,0.00,36504,0,1081,0.06,0.15,0.15,0.06,0.15,0.15,1,1,90.00,25.06,0.94,0.00,0.00,0.00,21.94,28.52,29.83,20.88,28.14,29.83,86,85,3969.43,1130.45,127.81,7.33,1.22,0.20
2019/12/12T06:06:33z,80:7d:3a:2b:d8:6d,4.11,2.0+OPENLOG+15552 MB+DS3231+BME280+PMSX003-B+PMSX003-A,76,53,58,853.30,0.00,36504,0,1201,0.98,1.80,1.80,0.98,1.80,1.80,7,7,270.60,74.48,9.02,0.00,0.00,0.00,19.95,27.70,29.02,19.47,27.48,29.02,84,83,3647.41,1047.03,148.21,8.55,0.88,0.00
2019/12/12T06:08:36z,80:7d:3a:2b:d8:6d,4.11,2.0+OPENLOG+15552 MB+DS3231+BME280+PMSX003-B+PMSX003-A,77,53,59,853.28,nan,36656,0,122,0.46,0.62,1.00,0.46,0.62,1.00,3,3,215.54,58.44,5.74,0.31,0.31,0.31,21.86,28.52,31.00,20.73,28.32,31.00,86,85,3916.23,1128.68,149.66,8.32,2.91,0.00
2019/12/12T06:10:36z,80:7d:3a:2b:d8:6d,4.11,2.0+OPENLOG+15552 MB+DS3231+BME280+PMSX003-B+PMSX003-A,77,53,58,853.30,0.00,36568,0,242,0.60,1.79,1.98,0.60,1.79,1.98,7,7,279.45,80.32,12.30,0.75,0.23,0.23,23.00,30.65,32.42,21.61,30.02,32.42,90,89,4040.55,1162.98,147.85,11.39,1.03,0.00
2019/12/12T06:12:36z,80:7d:3a:2b:d8:6d,4.11,2.0+OPENLOG+15552 MB+DS3231+BME280+PMSX003-B+PMSX003-A,78,53,59,853.31,0.00,36568,0,362,0.20,0.92,0.92,0.20,0.92,0.92,4,4,129.05,37.24,6.71,0.36,0.00,0.00,26.67,34.59,38.17,23.48,32.37,37.90,98,94,4728.38,1363.16,167.62,13.24,3.30,0.32
2019/12/12T06:14:36z,80:7d:3a:2b:d8:6d,4.11,2.0+OPENLOG+15552 MB+DS3231+BME280+PMSX003-B+PMSX003-A,78,52,58,853.26,0.00,36568,0,482,0.47,0.77,0.77,0.47,0.77,0.77,3,3,234.38,61.06,3.38,0.66,0.00,0.00,25.22,32.64,35.23,22.77,31.11,35.20,94,91,4590.70,1294.36,162.22,8.91,2.78,0.38
2019/12/12T06:16:36z,80:7d:3a:2b:d8:6d,4.11,2.0+OPENLOG+15552 MB+DS3231+BME280+PMSX003-B+PMSX003-A,78,52,59,853.25,0.00,36504,0,602,0.74,1.61,2.05,0.74,1.61,2.05,7,7,296.32,78.69,9.44,1.13,0.00,0.00,24.73,31.84,34.35,22.48,30.70,34.35,93,90,4330.81,1251.03,149.16,13.08,2.06,0.00
2019/12/12T06:18:36z,80:7d:3a:2b:d8:6d,4.11,2.0+OPENLOG+15552 MB+DS3231+BME280+PMSX003-B+PMSX003-A,77,52,58,853.22,0.00,36504,0,722,1.10,1.87,2.48,1.10,1.87,2.48,8,8,292.27,83.27,11.44,0.50,0.50,0.50,24.01,30.10,32.88,22.00,29.63,32.88,89,88,4239.58,1216.79,150.52,10.12,1.70,0.00
2019/12/12T06:20:36z,80:7d:3a:2b:d8:6d,4.11,2.0+OPENLOG+15552 MB+DS3231+BME280+PMSX003-B+PMSX003-A,78,52,59,853.20,0.00,36504,0,842,0.27,0.79,0.79,0.27,0.79,0.79,3,3,183.46,45.58,8.12,0.00,0.00,0.00,27.52,36.25,38.89,23.98,33.22,38.17,103,95,4926.05,1394.35,180.05,10.95,2.48,0.54
2019/12/12T06:22:36z,80:7d:3a:2b:d8:6d,4.11,2.0+OPENLOG+15552 MB+DS3231+BME280+PMSX003-B+PMSX003-A,78,51,58,853.20,0.00,36504,0,962,0.69,1.87,1.87,0.69,1.87,1.87,8,8,267.40,73.44,11.35,0.00,0.00,0.00,26.73,34.18,37.22,23.42,32.10,37.22,97,93,4721.00,1350.83,165.58,11.23,3.00,0.63
2019/12/12T06:24:36z,80:7d:3a:2b:d8:6d,4.11,2.0+OPENLOG+15552 MB+DS3231+BME280+PMSX003-B+PMSX003-A,79,51,59,853.25,0.00,36504,0,1082,0.95,1.50,1.90,0.95,1.50,1.90,6,6,261.44,70.03,5.90,0.68,0.00,0.00,27.34,35.16,37.17,23.78,32.70,36.86,99,94,4834.22,1384.80,167.12,9.88,2.06,0.22
2019/12/12T06:26:36z,80:7d:3a:2b:d8:6d,4.11,2.0+OPENLOG+15552 MB+DS3231+BME280+PMSX003-B+PMSX003-A,79,50,59,853.24,0.00,36504,0,1202,2.46,3.54,4.19,2.46,3.54,4.19,15,15,407.14,118.81,18.75,1.33,0.16,0.16,20.82,27.41,29.42,19.80,26.67,29.24,83,82,3821.68,1082.11,127.70,9.24,1.27,0.00
2019/12/12T06:28:38z,80:7d:3a:2b:d8:6d,4.11,2.0+OPENLOG+15552 MB+DS3231+BME280+PMSX003-B+PMSX003-A,80,50,59,853.22,nan,36656,0,122,0.00,0.02,0.33,0.00,0.02,0.33,0,0,119.69,31.43,4.78,0.61,0.00,0.00,11.98,16.35,16.87,11.98,16.35,16.87,60,60,2260.96,644.35,91.41,2.87,1.00,0.00
2019/12/12T06:30:38z,80:7d:3a:2b:d8:6d,4.11,2.0+OPENLOG+15552 MB+DS3231+BME280+PMSX003-B+PMSX003-A,81,49,60,853.20,0.00,36568,0,242,0.00,0.00,0.00,0.00,0.00,0.00,0,0,33.47,8.59,0.00,0.00,0.00,0.00,10.66,14.57,15.12,10.66,14.57,15.12,56,56,2085.09,593.06,71.04,5.34,0.18,0.00
2019/12/12T06:32:38z,80:7d:3a:2b:d8:6d,4.11,2.0+OPENLOG+15552 MB+DS3231+BME280+PMSX003-B+PMSX003-A,81,48,59,853.18,0.00,36568,0,362,0.23,0.23,0.23,0.23,0.23,0.23,1,1,116.77,31.58,0.45,0.00,0.00,0.00,11.58,15.51,16.69,11.58,15.51,16.69,58,58,2167.52,617.79,88.46,4.60,1.37,0.42
2019/12/12T06:34:38z,80:7d:3a:2b:d8:6d,4.11,2.0+OPENLOG+15552 MB+DS3231+BME280+PMSX003-B+PMSX003-A,81,47,59,853.16,0.00,36568,0,482,0.00,0.00,0.00,0.00,0.00,0.00,0,0,55.85,14.42,0.92,0.00,0.00,0.00,9.72,12.47,13.55,9.72,12.47,13.55,52,52,1879.10,529.77,65.60,5.33,0.50,0.00
2019/12/12T06:36:38z,80:7d:3a:2b:d8:6d,4.11,2.0+OPENLOG+15552 MB+DS3231+BME280+PMSX003-B+PMSX003-A,82,46,59,853.16,0.00,36568,0,602,1.71,2.25,2.25,1.71,2.25,2.25,9,9,305.72,84.89,4.40,0.00,0.00,0.00,11.31,14.79,17.56,11.31,14.79,17.56,57,57,2083.24,613.28,85.00,8.62,2.62,0.41
2019/12/12T06:38:38z,80:7d:3a:2b:d8:6d,4.11,2.0+OPENLOG+15552 MB+DS3231+BME280+PMSX003-B+PMSX003-A,82,47,60,853.10,0.00,36568,0,722,0.00,0.56,0.81,0.00,0.56,0.81,2,2,69.33,19.62,6.59,0.62,0.19,0.19,13.34,18.52,20.12,13.34,18.52,20.12,65,65,2433.88,703.28,95.60,9.23,1.02,0.00
2019/12/12T06:40:38z,80:7d:3a:2b:d8:6d,4.11,2.0+OPENLOG+15552 MB+DS3231+BME280+PMSX003-B+PMSX003-A,82,47,60,853.08,0.00,36504,0,842,0.00,0.05,0.05,0.00,0.05,0.05,0,0,94.85,24.58,0.83,0.00,0.00,0.00,13.45,18.09,19.46,13.45,18.09,19.46,64,64,2543.96,715.10,89.88,7.34,1.34,0.42
2019/12/12T06:42:38z,80:7d:3a:2b:d8:6d,4.11,2.0+OPENLOG+15552 MB+DS3231+BME280+PMSX003-B+PMSX003-A,82,46,59,853.07,0.00,36504,0,962,0.13,0.24,0.29,0.13,0.24,0.29,1,1,165.76,44.96,5.05,0.33,0.00,0.00,12.40,16.06,17.05,12.40,16.06,17.05,59,59,2280.29,661.11,81.83,4.63,0.83,0.00
2019/12/12T06:44:38z,80:7d:3a:2b:d8:6d,4.11,2.0+OPENLOG+15552 MB+DS3231+BME280+PMSX003-B+PMSX003-A,83,44,59,853.05,0.00,36504,0,1082,0.82,2.24,2.32,0.82,2.24,2.32,9,9,254.94,72.62,11.24,0.16,0.00,0.00,12.60,16.35,17.00,12.60,16.35,17.00,60,60,2285.82,656.89,83.95,4.46,0.00,0.00
2019/12/12T06:46:38z,80:7d:3a:2b:d8:6d,4.11,2.0+OPENLOG+15552 MB+DS3231+BME280+PMSX003-B+PMSX003-A,83,44,58,853.05,0.00,36504,0,1202,0.25,0.75,0.75,0.25,0.75,0.75,3,3,113.88,33.46,5.29,0.00,0.00,0.00,10.75,13.31,14.71,10.75,13.31,14.71,54,54,2037.92,568.11,68.72,4.58,0.95,0.00
2019/12/12T06:48:40z,80:7d:3a:2b:d8:6d,4.11,2.0+OPENLOG+15552 MB+DS3231+BME280+PMSX003-B+PMSX003-A,83,44,59,853.07,nan,36656,0,121,0.00,0.10,0.10,0.00,0.10,0.10,0,0,88.57,23.76,1.24,0.00,0.00,0.00,11.52,14.30,15.48,11.52,14.30,15.48,56,56,2155.89,604.48,63.59,3.83,1.74,0.00
2019/12/12T06:50:40z,80:7d:3a:2b:d8:6d,4.11,2.0+OPENLOG+15552 MB+DS3231+BME280+PMSX003-B+PMSX003-A,83,44,59,853.07,0.00,36568,0,241,0.00,0.00,0.00,0.00,0.00,0.00,0,0,49.27,14.41,0.47,0.00,0.00,0.00,11.74,15.06,16.02,11.74,15.06,16.02,57,57,2176.41,619.61,75.12,5.27,1.03,0.00
2019/12/12T06:52:40z,80:7d:3a:2b:d8:6d,4.11,2.0+OPENLOG+15552 MB+DS3231+BME280+PMSX003-B+PMSX003-A,84,44,60,853.06,0.00,36568,0,361,0.06,0.32,0.70,0.06,0.32,0.70,1,1,156.59,35.03,5.48,0.48,0.48,0.00,12.67,16.86,18.59,12.67,16.86,18.59,61,61,2302.23,653.91,86.70,7.94,2.33,0.00
2019/12/12T06:54:40z,80:7d:3a:2b:d8:6d,4.11,2.0+OPENLOG+15552 MB+DS3231+BME280+PMSX003-B+PMSX003-A,84,43,59,853.12,0.00,36504,0,481,0.00,0.07,0.07,0.00,0.07,0.07,0,0,109.58,25.76,1.15,0.00,0.00,0.00,12.27,16.05,17.74,12.27,16.05,17.74,59,59,2365.45,663.53,82.16,6.52,2.32,0.00
2019/12/12T06:56:40z,80:7d:3a:2b:d8:6d,4.11,2.0+OPENLOG+15552 MB+DS3231+BME280+PMSX003-B+PMSX003-A,83,44,59,853.14,0.00,36504,0,601,0.00,0.86,1.45,0.00,0.86,1.45,4,4,139.29,36.90,7.33,0.78,0.47,0.31,12.83,15.80,17.55,12.83,15.80,17.55,59,59,2377.59,669.05,76.25,6.28,1.69,0.00
2019/12/12T06:58:40z,80:7d:3a:2b:d8:6d,4.11,2.0+OPENLOG+15552 MB+DS3231+BME280+PMSX003-B+PMSX003-A,84,43,59,853.14,0.00,36504,0,721,0.17,0.92,1.33,0.17,0.92,1.33,4,4,135.98,39.50,7.92,1.15,0.00,0.00,13.11,17.72,19.00,13.11,17.72,19.00,63,63,2534.54,718.03,93.37,7.85,0.40,0.00
2019/12/12T07:00:40z,80:7d:3a:2b:d8:6d,4.11,2.0+OPENLOG+15552 MB+DS3231+BME280+PMSX003-B+PMSX003-A,83,43,58,853.12,0.00,36504,0,841,0.09,0.28,0.28,0.09,0.28,0.28,1,1,162.68,42.61,3.47,0.00,0.00,0.00,13.14,16.75,18.28,13.14,16.75,18.28,61,61,2432.91,693.11,88.83,4.98,1.14,0.46
2019/12/12T07:02:40z,80:7d:3a:2b:d8:6d,4.11,2.0+OPENLOG+15552 MB+DS3231+BME280+PMSX003-B+PMSX003-A,84,43,59,853.09,0.00,36168,0,961,0.80,1.03,1.39,0.80,1.03,1.39,4,4,247.73,64.05,5.33,0.52,0.52,0.52,11.84,14.82,15.94,11.84,14.82,15.94,57,57,2324.08,657.27,68.21,4.48,0.19,0.00
2019/12/12T07:04:40z,80:7d:3a:2b:d8:6d,4.11,2.0+OPENLOG+15552 MB+DS3231+BME280+PMSX003-B+PMSX003-A,84,43,59,853.08,0.00,36216,0,1081,0.18,0.23,0.23,0.18,0.23,0.23,1,1,138.19,36.82,4.87,0.00,0.00,0.00,13.44,17.41,19.30,13.44,17.41,19.30,62,62,2509.22,721.61,91.36,6.91,1.91,0.53
2019/12/12T07:06:40z,80:7d:3a:2b:d8:6d,4.11,2.0+OPENLOG+15552 MB+DS3231+BME280+PMSX003-B+PMSX003-A,85,42,59,853.00,0.00,36216,0,1201,0.33,0.76,0.80,0.33,0.76,0.80,3,3,117.31,31.37,4.33,0.04,0.04,0.00,13.92,18.12,19.66,13.92,18.12,19.66,64,64,2561.45,725.88,83.46,5.38,1.85,0.00
2019/12/12T07:08:43z,80:7d:3a:2b:d8:6d,4.11,2.0+OPENLOG+15552 MB+DS3231+BME280+PMSX003-B+PMSX003-A,85,42,59,852.98,nan,36656,0,122,0.00,0.40,0.68,0.00,0.40,0.68,2,2,134.62,31.12,3.95,0.45,0.00,0.00,12.24,15.26,16.48,12.24,15.26,16.48,58,58,2348.09,654.57,75.00,5.52,1.35,0.00
2019/12/12T07:10:43z,80:7d:3a:2b:d8:6d,4.11,2.0+OPENLOG+15552 MB+DS3231+BME280+PMSX003-B+PMSX003-A,85,42,59,852.93,0.00,36504,0,242,0.45,1.39,1.39,0.45,1.39,1.39,6,6,182.12,52.45,7.49,1.02,0.00,0.00,14.79,18.47,19.76,14.79,18.47,19.76,64,64,2644.19,760.57,89.54,5.53,0.88,0.00
2019/12/12T07:12:43z,80:7d:3a:2b:d8:6d,4.11,2.0+OPENLOG+15552 MB+DS3231+BME280+PMSX003-B+PMSX003-A,85,41,59,853.00,0.00,36504,0,362,0.25,0.51,0.51,0.25,0.51,0.51,2,2,104.39,31.03,4.88,0.00,0.00,0.00,14.20,19.06,19.77,14.20,19.06,19.77,66,66,2599.52,741.92,95.18,6.34,0.34,0.00
2019/12/12T07:14:43z,80:7d:3a:2b:d8:6d,4.11,2.0+OPENLOG+15552 MB+DS3231+BME280+PMSX003-B+PMSX003-A,85,42,59,852.96,0.00,36504,0,482,0.24,0.82,0.82,0.24,0.82,0.82,3,3,168.95,45.71,4.58,0.00,0.00,0.00,13.50,17.52,18.18,13.50,17.52,18.18,62,62,2476.94,705.65,85.35,4.45,0.39,0.00
2019/12/12T07:16:43z,80:7d:3a:2b:d8:6d,4.11,2.0+OPENLOG+15552 MB+DS3231+BME280+PMSX003-B+PMSX003-A,85,42,59,852.88,0.00,36504,0,602,0.22,0.88,1.45,0.22,0.88,1.45,4,4,223.75,57.80,10.12,1.51,0.00,0.00,14.42,17.79,19.33,14.42,17.79,19.33,63,63,2625.49,746.64,87.87,5.58,1.01,0.18
2019/12/12T07:18:43z,80:7d:3a:2b:d8:6d,4.11,2.0+OPENLOG+15552 MB+DS3231+BME280+PMSX003-B+PMSX003-A,85,42,59,852.83,0.00,36504,0,722,0.83,1.49,1.60,0.83,1.49,1.60,6,6,253.47,72.11,7.55,0.08,0.08,0.08,16.33,21.06,23.37,16.33,21.06,23.37,70,70,3023.96,857.19,108.40,6.90,1.76,0.30
2019/12/12T07:20:43z,80:7d:3a:2b:d8:6d,4.11,2.0+OPENLOG+15552 MB+DS3231+BME280+PMSX003-B+PMSX003-A,86,41,59,852.78,0.00,36504,0,842,1.47,2.08,3.04,1.47,2.08,3.04,9,9,359.83,99.68,9.02,1.32,0.42,0.42,22.74,28.52,30.60,21.34,28.20,30.60,86,85,4079.49,1153.71,146.25,6.46,2.00,0.18
2019/12/12T07:22:43z,80:7d:3a:2b:d8:6d,4.11,2.0+OPENLOG+15552 MB+DS3231+BME280+PMSX003-B+PMSX003-A,86,40,59,852.75,0.00,36424,0,962,0.72,1.58,3.05,0.72,1.58,3.05,7,7,295.35,82.73,11.03,1.57,1.03,1.03,24.58,32.72,35.60,22.49,31.38,35.60,94,92,4363.38,1248.37,161.31,12.49,3.66,0.00
2019/12/12T07:24:43z,80:7d:3a:2b:d8:6d,4.11,2.0+OPENLOG+15552 MB+DS3231+BME280+PMSX003-B+PMSX003-A,85,40,58,852.76,0.00,36392,0,1082,2.78,3.97,4.98,2.78,3.97,4.98,17,17,502.31,138.31,15.78,1.44,1.00,0.50,26.05,33.59,36.58,23.19,31.81,36.58,96,92,4581.52,1313.33,174.64,10.75,2.94,0.59
2019/12/12T07:26:43z,80:7d:3a:2b:d8:6d,4.11,2.0+OPENLOG+15552 MB+DS3231+BME280+PMSX003-B+PMSX003-A,85,41,58,852.72,0.00,36392,0,1202,4.13,5.97,6.44,4.13,5.97,6.44,25,25,692.47,194.05,24.16,0.94,0.10,0.06,25.72,32.44,34.91,23.19,31.22,34.91,94,91,4438.81,1270.03,162.40,10.71,2.71,0.74
2019/12/12T07:28:45z,80:7d:3a:2b:d8:6d,4.11,2.0+OPENLOG+15552 MB+DS3231+BME280+PMSX003-B+PMSX003-A,87,40,60,852.70,nan,36656,0,121,0.58,1.92,2.10,0.58,1.92,2.10,8,8,213.94,57.83,13.79,0.38,0.00,0.00,26.06,32.83,35.51,23.19,31.30,35.51,95,91,4495.15,1290.45,164.11,10.30,3.45,0.00
2019/12/12T07:30:45z,80:7d:3a:2b:d8:6d,4.11,2.0+OPENLOG+15552 MB+DS3231+BME280+PMSX003-B+PMSX003-A,87,40,59,852.66,0.00,36424,0,241,0.59,1.12,1.48,0.59,1.12,1.48,5,5,257.09,66.36,8.32,0.50,0.00,0.00,26.66,34.99,37.22,23.43,32.64,37.22,99,94,4679.55,1343.73,177.28,10.75,2.00,0.00
2019/12/12T07:32:45z,80:7d:3a:2b:d8:6d,4.11,2.0+OPENLOG+15552 MB+DS3231+BME280+PMSX003-B+PMSX003-A,87,40,60,852.70,0.00,36392,0,361,1.08,1.34,2.08,1.08,1.34,2.08,6,6,315.06,85.38,6.45,0.57,0.53,0.53,29.86,38.27,41.38,25.35,34.73,40.90,108,99,5171.52,1472.44,189.08,11.62,3.11,0.48
2019/12/12T07:34:45z,80:7d:3a:2b:d8:6d,4.11,2.0+OPENLOG+15552 MB+DS3231+BME280+PMSX003-B+PMSX003-A,87,39,59,852.69,0.00,36392,0,481,0.93,1.73,1.73,0.93,1.73,1.73,7,7,270.64,76.73,5.79,0.43,0.00,0.00,26.77,36.05,37.95,23.59,33.08,37.80,102,95,4772.32,1363.79,180.02,9.97,1.06,0.27
2019/12/12T07:36:45z,80:7d:3a:2b:d8:6d,4.11,2.0+OPENLOG+15552 MB+DS3231+BME280+PMSX003-B+PMSX003-A,87,41,60,852.71,0.00,36392,0,601,3.76,5.88,7.41,3.76,5.88,7.41,24,24,607.32,171.56,26.77,2.97,0.91,0.42,30.65,41.48,44.58,25.55,36.26,43.06,116,103,5402.17,1536.72,219.10,14.43,2.78,0.35
2019/12/12T07:38:45z,80:7d:3a:2b:d8:6d,4.11,2.0+OPENLOG+15552 MB+DS3231+BME280+PMSX003-B+PMSX003-A,87,39,59,852.72,0.00,36392,0,721,2.30,3.10,3.10,2.30,3.10,3.10,13,13,478.18,131.52,8.46,0.00,0.00,0.00,24.73,32.43,34.51,22.49,30.97,34.40,94,91,4391.64,1258.16,168.33,10.09,1.88,0.00
2019/12/12T07:40:45z,80:7d:3a:2b:d8:6d,4.11,2.0+OPENLOG+15552 MB+DS3231+BME280+PMSX003-B+PMSX003-A,88,38,59,852.66,0.00,36392,0,841,0.17,0.34,0.51,0.17,0.34,0.51,1,1,170.75,41.95,2.92,0.51,0.00,0.00,16.50,20.71,21.88,16.41,20.71,21.88,69,69,3022.76,855.94,102.38,5.53,1.12,0.00
2019/12/12T07:42:45z,80:7d:3a:2b:d8:6d,4.11,2.0+OPENLOG+15552 MB+DS3231+BME280+PMSX003-B+PMSX003-A,87,39,59,852.66,0.00,36392,0,961,0.06,0.24,0.33,0.06,0.24,0.33,1,1,178.00,33.87,2.37,0.96,0.00,0.00,16.56,21.97,23.92,16.56,21.97,23.92,72,72,3086.37,876.85,112.77,11.10,1.00,0.00
2019/12/12T07:44:45z,80:7d:3a:2b:d8:6d,4.11,2.0+OPENLOG+15552 MB+DS3231+BME280+PMSX003-B+PMSX003-A,87,40,59,852.66,0.00,36392,0,1081,0.86,1.69,1.69,0.86,1.69,1.69,7,7,327.41,79.65,7.73,0.00,0.00,0.00,17.42,22.03,23.95,17.42,22.03,23.95,72,72,3101.49,884.38,99.46,7.75,2.83,0.89
2019/12/12T07:46:45z,80:7d:3a:2b:d8:6d,4.11,2.0+OPENLOG+15552 MB+DS3231+BME280+PMSX003-B+PMSX003-A,87,39,59,852.64,0.00,36392,0,1201,0.44,1.29,1.58,0.44,1.29,1.58,5,5,251.42,58.03,6.42,0.55,0.00,0.00,16.25,21.31,22.66,16.25,21.31,22.66,70,70,3048.22,869.39,96.72,6.60,1.55,0.00
2019/12/12T07:48:47z,80:7d:3a:2b:d8:6d,4.11,2.0+OPENLOG+15552 MB+DS3231+BME280+PMSX003-B+PMSX003-A,88,38,59,852.60,nan,36656,0,121,0.00,0.19,0.19,0.00,0.19,0.19,1,1,190.91,45.30,3.96,0.04,0.00,0.00,11.40,15.57,16.40,11.40,15.57,16.40,58,58,2223.83,621.94,82.34,5.79,0.00,0.00
2019/12/12T07:50:47z,80:7d:3a:2b:d8:6d,4.11,2.0+OPENLOG+15552 MB+DS3231+BME280+PMSX003-B+PMSX003-A,88,37,59,852.67,0.00,36432,0,241,0.09,0.28,0.28,0.09,0.28,0.28,1,1,126.70,32.25,6.56,0.00,0.00,0.00,11.14,14.36,15.49,11.14,14.36,15.49,56,56,2063.57,586.04,73.58,7.19,0.75,0.00
2019/12/12T07:52:47z,80:7d:3a:2b:d8:6d,4.11,2.0+OPENLOG+15552 MB+DS3231+BME280+PMSX003-B+PMSX003-A,88,38,59,852.67,0.00,36432,0,361,0.35,1.44,1.53,0.35,1.44,1.53,6,6,222.53,54.18,10.85,0.94,0.00,0.00,9.71,12.65,14.27,9.71,12.65,14.27,52,52,1835.00,523.27,59.53,7.24,1.88,0.00
2019/12/12T07:54:47z,80:7d:3a:2b:d8:6d,4.11,2.0+OPENLOG+15552 MB+DS3231+BME280+PMSX003-B+PMSX003-A,89,37,59,852.65,0.00,36432,0,481,1.09,1.18,1.18,1.09,1.18,1.18,5,5,262.91,70.78,5.85,0.00,0.00,0.00,10.15,13.12,13.68,10.15,13.12,13.68,53,53,1984.36,553.30,65.00,4.21,0.18,0.00
2019/12/12T07:56:47z,80:7d:3a:2b:d8:6d,4.11,2.0+OPENLOG+15552 MB+DS3231+BME280+PMSX003-B+PMSX003-A,89,36,59,852.57,0.00,36392,0,601,0.22,0.46,1.16,0.22,0.46,1.16,2,2,160.50,45.76,6.76,1.04,0.52,0.00,9.60,11.85,13.31,9.60,11.85,13.31,49,49,1829.54,521.34,57.40,5.05,1.08,0.15
2019/12/12T07:58:47z,80:7d:3a:2b:d8:6d,4.11,2.0+OPENLOG+15552 MB+DS3231+BME280+PMSX003-B+PMSX003-A,90,36,59,852.56,0.00,36392,0,721,0.00,0.16,0.54,0.00,0.16,0.54,1,1,103.68,24.54,3.89,1.65,0.53,0.00,9.75,12.40,13.54,9.75,12.40,13.54,52,52,1862.45,527.83,56.91,4.34,0.86,0.37
2019/12/12T08:00:47z,80:7d:3a:2b:d8:6d,4.11,2.0+OPENLOG+15552 MB+DS3231+BME280+PMSX003-B+PMSX003-A,89,36,59,852.59,0.00,36392,0,841,0.09,0.09,0.27,0.09,0.09,0.27,0,0,137.44,37.77,3.09,0.53,0.00,0.00,9.92,12.63,13.51,9.92,12.63,13.51,52,52,1907.31,544.51,52.40,3.91,0.95,0.00
2019/12/12T08:02:47z,80:7d:3a:2b:d8:6d,4.11,2.0+OPENLOG+15552 MB+DS3231+BME280+PMSX003-B+PMSX003-A,90,36,59,852.55,0.00,36392,0,961,0.26,0.71,0.71,0.26,0.71,0.71,3,3,184.05,54.89,7.98,0.00,0.00,0.00,9.31,12.65,13.62,9.31,12.65,13.62,52,52,1853.49,515.63,65.18,7.26,0.46,0.00
2019/12/12T08:04:47z,80:7d:3a:2b:d8:6d,4.11,2.0+OPENLOG+15552 MB+DS3231+BME280+PMSX003-B+PMSX003-A,90,35,59,852.52,0.00,36392,0,1081,0.00,0.00,0.00,0.00,0.00,0.00,0,0,106.50,31.11,1.15,0.00,0.00,0.00,8.83,11.10,11.43,8.83,11.10,11.43,46,46,1755.71,484.57,46.02,2.86,0.00,0.00
2019/12/12T08:06:47z,80:7d:3a:2b:d8:6d,4.11,2.0+OPENLOG+15552 MB+DS3231+BME280+PMSX003-B+PMSX003-A,90,35,59,852.53,0.00,36392,0,1201,0.00,0.02,0.36,0.00,0.02,0.36,0,0,86.94,22.64,3.76,0.48,0.24,0.00,8.28,9.93,10.04,8.28,9.93,10.04,41,41,1499.12,427.19,49.00,1.24,0.00,0.00
2019/12/12T08:08:49z,80:7d:3a:2b:d8:6d,4.11,2.0+OPENLOG+15552 MB+DS3231+BME280+PMSX003-B+PMSX003-A,91,35,60,852.56,nan,36656,0,121,0.00,0.30,0.30,0.00,0.30,0.30,1,1,91.30,26.43,5.19,0.00,0.00,0.00,8.64,10.64,11.60,8.64,10.64,11.60,44,44,1550.47,448.76,59.04,3.33,0.76,0.00
2019/12/12T08:10:49z,80:7d:3a:2b:d8:6d,4.11,2.0+OPENLOG+15552 MB+DS3231+BME280+PMSX003-B+PMSX003-A,91,35,59,852.56,0.00,36424,0,241,0.13,0.13,0.13,0.13,0.13,0.13,1,1,156.20,32.68,1.40,0.00,0.00,0.00,7.19,9.67,10.06,7.19,9.67,10.06,40,40,1459.34,417.52,51.16,1.94,0.78,0.00
2019/12/12T08:12:49z,80:7d:3a:2b:d8:6d,4.11,2.0+OPENLOG+15552 MB+DS3231+BME280+PMSX003-B+PMSX003-A,91,34,59,852.56,0.00,36424,0,361,0.00,0.02,0.26,0.00,0.02,0.26,0,0,93.00,26.17,2.40,0.49,0.49,0.00,8.00,10.70,11.44,8.00,10.70,11.44,45,45,1556.95,453.62,58.36,3.19,0.56,0.00
2019/12/12T08:14:49z,80:7d:3a:2b:d8:6d,4.11,2.0+OPENLOG+15552 MB+DS3231+BME280+PMSX003-B+PMSX003-A,90,34,58,852.49,0.00,36392,0,481,0.00,0.00,0.00,0.00,0.00,0.00,0,0,68.90,17.97,0.54,0.00,0.00,0.00,8.22,10.40,10.84,8.22,10.40,10.84,43,43,1545.19,439.59,53.71,2.16,0.00,0.00
2019/12/12T08:16:49z,80:7d:3a:2b:d8:6d,4.11,2.0+OPENLOG+15552 MB+DS3231+BME280+PMSX003-B+PMSX003-A,90,35,59,852.48,0.00,36392,0,601,0.06,0.14,0.94,0.06,0.14,0.94,1,1,110.18,32.04,5.33,1.02,0.51,0.51,9.17,11.69,12.65,9.17,11.69,12.65,49,49,1713.32,485.58,54.51,5.23,0.92,0.00
2019/12/12T08:18:49z,80:7d:3a:2b:d8:6d,4.11,2.0+OPENLOG+15552 MB+DS3231+BME280+PMSX003-B+PMSX003-A,91,35,59,852.51,0.00,36392,0,721,0.47,1.14,1.37,0.47,1.14,1.37,5,5,178.06,50.61,7.39,1.02,0.47,0.00,9.39,11.83,12.36,9.39,11.83,12.36,49,49,1773.32,509.39,54.38,3.00,0.45,0.00
2019/12/12T08:20:49z,80:7d:3a:2b:d8:6d,4.11,2.0+OPENLOG+15552 MB+DS3231+BME280+PMSX003-B+PMSX003-A,89,35,58,852.43,0.00,36392,0,841,0.14,0.32,0.32,0.14,0.32,0.32,1,1,87.38,25.73,6.54,1.05,0.00,0.00,8.45,10.76,11.61,8.45,10.76,11.61,45,45,1619.59,464.68,47.56,3.70,1.06,0.00
2019/12/12T08:22:49z,80:7d:3a:2b:d8:6d,4.11,2.0+OPENLOG+15552 MB+DS3231+BME280+PMSX003-B+PMSX003-A,89,36,58,852.39,0.00,36392,0,961,0.07,0.16,0.16,0.07,0.16,0.16,1,1,135.90,34.52,3.10,0.00,0.00,0.00,8.77,10.94,12.31,8.77,10.94,12.31,46,46,1626.56,461.11,52.73,4.88,2.44,0.00
2019/12/12T08:24:49z,80:7d:3a:2b:d8:6d,4.11,2.0+OPENLOG+15552 MB+DS3231+BME280+PMSX003-B+PMSX003-A,89,37,59,852.40,0.00,36392,0,1081,0.00,0.00,0.00,0.00,0.00,0.00,0,0,51.39,12.64,1.41,0.00,0.00,0.00,8.29,11.31,11.74,8.29,11.31,11.74,47,47,1707.05,476.00,53.77,4.71,0.00,0.00
2019/12/12T08:26:49z,80:7d:3a:2b:d8:6d,4.11,2.0+OPENLOG+15552 MB+DS3231+BME280+PMSX003-B+PMSX003-A,89,35,58,852.36,0.00,36392,0,1201,0.34,0.49,0.68,0.34,0.49,0.68,2,2,163.87,43.75,3.89,0.57,0.00,0.00,9.41,11.76,12.41,9.41,11.76,12.41,49,49,1829.47,504.10,59.74,3.18,0.44,0.00
2019/12/12T08:28:51z,80:7d:3a:2b:d8:6d,4.11,2.0+OPENLOG+15552 MB+DS3231+BME280+PMSX003-B+PMSX003-A,90,35,59,852.38,nan,36656,0,122,0.00,0.17,0.17,0.00,0.17,0.17,1,1,94.12,23.62,3.35,0.00,0.00,0.00,9.35,11.74,13.65,9.35,11.74,13.65,49,49,1745.35,498.04,70.30,5.39,2.48,0.61
2019/12/12T08:30:51z,80:7d:3a:2b:d8:6d,4.11,2.0+OPENLOG+15552 MB+DS3231+BME280+PMSX003-B+PMSX003-A,91,33,58,852.38,0.00,36424,0,242,0.00,0.11,0.11,0.00,0.11,0.11,0,0,96.86,28.61,4.89,0.00,0.00,0.00,6.82,8.61,9.31,6.82,8.61,9.31,36,36,1414.93,399.09,45.10,1.79,0.93,0.00
2019/12/12T08:32:51z,80:7d:3a:2b:d8:6d,4.11,2.0+OPENLOG+15552 MB+DS3231+BME280+PMSX003-B+PMSX003-A,91,34,59,852.33,0.00,36424,0,362,0.00,0.00,0.73,0.00,0.00,0.73,0,0,79.73,21.05,4.30,0.48,0.48,0.48,7.19,9.04,9.28,7.19,9.04,9.28,38,38,1366.07,396.67,45.93,1.73,0.00,0.00
2019/12/12T08:34:51z,80:7d:3a:2b:d8:6d,4.11,2.0+OPENLOG+15552 MB+DS3231+BME280+PMSX003-B+PMSX003-A,91,34,58,852.28,0.00,36424,0,482,0.18,0.18,0.18,0.18,0.18,0.18,1,1,108.37,29.77,1.78,0.00,0.00,0.00,7.14,9.45,9.84,7.14,9.45,9.84,39,39,1461.80,409.62,47.66,3.81,0.00,0.00
2019/12/12T08:36:51z,80:7d:3a:2b:d8:6d,4.11,2.0+OPENLOG+15552 MB+DS3231+BME280+PMSX003-B+PMSX003-A,92,33,59,852.21,0.00,36392,0,602,0.00,0.06,0.06,0.00,0.06,0.06,0,0,79.90,21.65,1.46,0.38,0.00,0.00,9.33,11.56,12.27,9.33,11.56,12.27,48,48,1814.55,506.26,52.39,3.85,0.85,0.00
2019/12/12T08:38:51z,80:7d:3a:2b:d8:6d,4.11,2.0+OPENLOG+15552 MB+DS3231+BME280+PMSX003-B+PMSX003-A,92,34,60,852.16,0.00,36392,0,722,0.00,0.04,0.04,0.00,0.04,0.04,0,0,111.00,26.08,1.92,0.08,0.00,0.00,8.73,10.42,10.83,8.73,10.42,10.83,43,43,1675.14,463.88,48.91,1.61,0.52,0.00
2019/12/12T08:40:51z,80:7d:3a:2b:d8:6d,4.11,2.0+OPENLOG+15552 MB+DS3231+BME280+PMSX003-B+PMSX003-A,92,34,59,852.12,0.00,36392,0,842,0.56,1.53,2.16,0.56,1.53,2.16,6,6,193.84,54.88,7.79,1.61,0.00,0.00,9.29,12.15,12.40,9.29,12.15,12.40,51,51,1803.18,506.38,59.77,5.29,0.00,0.00
2019/12/12T08:42:51z,80:7d:3a:2b:d8:6d,4.11,2.0+OPENLOG+15552 MB+DS3231+BME280+PMSX003-B+PMSX003-A,93,32,59,852.10,0.00,36392,0,962,0.70,0.88,0.88,0.70,0.88,0.88,4,4,180.49,54.19,5.37,0.51,0.00,0.00,7.81,10.24,10.73,7.81,10.24,10.73,43,43,1533.90,428.40,49.70,3.14,0.44,0.00
2019/12/12T08:44:51z,80:7d:3a:2b:d8:6d,4.11,2.0+OPENLOG+15552 MB+DS3231+BME280+PMSX003-B+PMSX003-A,93,32,58,852.02,0.00,36392,0,1082,0.00,0.86,0.95,0.00,0.86,0.95,4,4,112.55,28.55,6.92,0.61,0.00,0.00,6.92,9.15,9.48,6.92,9.15,9.48,38,38,1383.14,397.26,44.23,0.98,0.43,0.00
2019/12/12T08:46:51z,80:7d:3a:2b:d8:6d,4.11,2.0+OPENLOG+15552 MB+DS3231+BME280+PMSX003-B+PMSX003-A,92,32,58,852.03,0.00,36392,0,1202,1.58,2.49,3.23,1.58,2.49,3.23,10,10,359.68,103.19,12.32,2.46,0.49,0.00,6.53,8.62,8.82,6.53,8.62,8.82,36,36,1363.41,390.89,41.24,0.97,0.00,0.00
2019/12/12T08:48:54z,80:7d:3a:2b:d8:6d,4.11,2.0+OPENLOG+15552 MB+DS3231+BME280+PMSX003-B+PMSX003-A,93,32,59,852.01,nan,36656,0,122,0.03,0.29,0.29,0.03,0.29,0.29,1,1,108.08,32.13,2.53,0.74,0.00,0.00,5.70,7.15,8.00,5.70,7.15,8.00,30,30,1249.28,339.64,39.51,2.98,0.00,0.00
2019/12/12T08:50:54z,80:7d:3a:2b:d8:6d,4.11,2.0+OPENLOG+15552 MB+DS3231+BME280+PMSX003-B+PMSX003-A,93,33,59,851.98,0.00,36432,0,242,0.39,0.51,1.12,0.39,0.51,1.12,2,2,197.06,52.88,6.67,0.47,0.47,0.47,5.88,7.98,9.12,5.88,7.98,9.12,33,33,1261.75,355.83,40.29,5.08,0.43,0.00
2019/12/12T08:52:54z,80:7d:3a:2b:d8:6d,4.11,2.0+OPENLOG+15552 MB+DS3231+BME280+PMSX003-B+PMSX003-A,92,33,58,852.02,0.00,36432,0,362,0.05,0.60,0.60,0.05,0.60,0.60,2,2,157.40,40.74,8.90,1.26,0.00,0.00,7.15,8.88,9.29,7.15,8.88,9.29,37,37,1474.20,410.92,40.08,0.95,0.46,0.00
2019/12/12T08:54:54z,80:7d:3a:2b:d8:6d,4.11,2.0+OPENLOG+15552 MB+DS3231+BME280+PMSX003-B+PMSX003-A,94,32,59,851.90,0.00,36392,0,482,0.04,0.21,0.24,0.04,0.21,0.24,1,1,106.48,30.22,3.91,0.33,0.00,0.00,6.56,8.09,8.44,6.56,8.09,8.44,34,34,1338.66,381.34,41.17,1.44,0.22,0.00
2019/12/12T08:56:54z,80:7d:3a:2b:d8:6d,4.11,2.0+OPENLOG+15552 MB+DS3231+BME280+PMSX003-B+PMSX003-A,94,31,58,851.92,0.00,36392,0,602,0.18,0.33,0.54,0.18,0.33,0.54,1,1,126.54,34.89,4.43,0.46,0.00,0.00,7.55,8.97,9.61,7.55,8.97,9.61,37,37,1516.95,424.56,40.00,1.67,0.61,0.00
2019/12/12T08:58:54z,80:7d:3a:2b:d8:6d,4.11,2.0+OPENLOG+15552 MB+DS3231+BME280+PMSX003-B+PMSX003-A,93,32,59,851.88,0.00,36392,0,722,0.00,0.00,0.00,0.00,0.00,0.00,0,0,84.06,19.24,1.69,0.55,0.00,0.00,6.80,8.39,9.38,6.80,8.39,9.38,35,35,1370.72,382.47,39.03,2.53,1.38,0.00
2019/12/12T09:00:54z,80:7d:3a:2b:d8:6d,4.11,2.0+OPENLOG+15552 MB+DS3231+BME280+PMSX003-B+PMSX003-A,92,31,57,851.87,0.00,36392,0,842,0.00,0.00,0.00,0.00,0.00,0.00,0,0,78.28,20.72,2.44,0.00,0.00,0.00,6.77,8.56,8.64,6.77,8.56,8.64,36,36,1354.59,380.97,41.29,2.70,0.00,0.00
2019/12/12T09:02:54z,80:7d:3a:2b:d8:6d,4.11,2.0+OPENLOG+15552 MB+DS3231+BME280+PMSX003-B+PMSX003-A,91,31,56,851.87,0.00,36392,0,962,0.23,0.70,0.92,0.23,0.70,0.92,3,3,155.05,40.06,7.39,0.42,0.42,0.00,7.31,9.23,9.44,7.31,9.23,9.44,38,38,1450.55,406.95,40.66,1.75,0.00,0.00
2019/12/12T09:08:32z,80:7d:3a:2b:d8:6d,4.11,2.0+OPENLOG+15552 MB+DS3231+BME280+PMSX003-B+PMSX003-A,90,36,59,851.85,nan,36656,0,123,0.28,0.55,0.60,0.28,0.55,0.60,2,2,166.12,45.03,5.45,0.70,0.05,0.05,6.78,8.40,9.42,6.78,8.40,9.42,35,35,1444.60,392.84,47.22,3.38,0.58,0.00
2019/12/12T09:10:32z,80:7d:3a:2b:d8:6d,4.11,2.0+OPENLOG+15552 MB+DS3231+BME280+PMSX003-B+PMSX003-A,91,34,59,851.85,0.00,36424,0,243,0.35,0.80,0.80,0.35,0.80,0.80,3,3,188.88,50.86,3.84,0.00,0.00,0.00,6.71,8.56,8.94,6.71,8.56,8.94,36,36,1384.32,391.78,44.62,1.74,0.41,0.00
2019/12/12T09:12:32z,80:7d:3a:2b:d8:6d,4.11,2.0+OPENLOG+15552 MB+DS3231+BME280+PMSX003-B+PMSX003-A,92,33,59,851.81,0.00,36424,0,363,0.00,0.00,0.00,0.00,0.00,0.00,0,0,83.66,22.95,1.10,0.00,0.00,0.00,7.12,9.31,9.92,7.12,9.31,9.92,39,39,1430.77,398.72,51.72,2.62,0.47,0.00
2019/12/12T09:14:32z,80:7d:3a:2b:d8:6d,4.11,2.0+OPENLOG+15552 MB+DS3231+BME280+PMSX003-B+PMSX003-A,92,33,58,851.84,0.00,36392,0,483,0.22,0.22,1.24,0.22,0.22,1.24,1,1,148.25,40.66,5.16,0.96,0.96,0.96,5.68,7.24,7.83,5.68,7.24,7.83,30,30,1167.14,327.45,31.80,2.82,0.55,0.00
2019/12/12T09:16:32z,80:7d:3a:2b:d8:6d,4.11,2.0+OPENLOG+15552 MB+DS3231+BME280+PMSX003-B+PMSX003-A,92,32,58,851.83,0.00,36392,0,603,0.02,0.02,0.63,0.02,0.02,0.63,0,0,97.10,29.23,3.73,0.50,0.50,0.50,5.17,7.02,7.35,5.17,7.02,7.35,29,29,1094.86,303.78,38.20,2.03,0.46,0.00
2019/12/12T09:18:32z,80:7d:3a:2b:d8:6d,4.11,2.0+OPENLOG+15552 MB+DS3231+BME280+PMSX003-B+PMSX003-A,92,31,57,851.79,0.00,36392,0,723,0.00,0.18,0.18,0.00,0.18,0.18,1,1,113.47,29.61,2.90,0.00,0.00,0.00,5.06,6.36,6.69,5.06,6.36,6.69,26,26,1095.00,309.69,31.54,1.82,0.00,0.00
2019/12/12T09:20:32z,80:7d:3a:2b:d8:6d,4.11,2.0+OPENLOG+15552 MB+DS3231+BME280+PMSX003-B+PMSX003-A,91,34,59,851.75,0.00,36392,0,843,0.85,1.55,3.28,0.85,1.55,3.28,6,6,282.51,84.91,13.89,2.04,1.06,0.53,4.98,6.42,7.00,4.98,6.42,7.00,27,27,1112.50,301.30,35.33,1.39,0.88,0.00
2019/12/12T09:22:32z,80:7d:3a:2b:d8:6d,4.11,2.0+OPENLOG+15552 MB+DS3231+BME280+PMSX003-B+PMSX003-A,92,33,59,851.73,0.00,36392,0,963,0.62,1.52,1.70,0.62,1.52,1.70,6,6,211.14,58.03,8.75,0.16,0.16,0.16,5.48,6.70,7.28,5.48,6.70,7.28,28,28,1150.69,327.75,30.81,1.44,0.50,0.50
2019/12/12T09:24:32z,80:7d:3a:2b:d8:6d,4.11,2.0+OPENLOG+15552 MB+DS3231+BME280+PMSX003-B+PMSX003-A,94,31,59,851.71,0.00,36392,0,1083,0.00,0.09,0.09,0.00,0.09,0.09,0,0,85.57,23.69,6.66,0.00,0.00,0.00,5.48,7.05,7.46,5.48,7.05,7.46,29,29,1226.72,338.14,38.09,1.32,0.46,0.00
2019/12/12T09:26:32z,80:7d:3a:2b:d8:6d,4.11,2.0+OPENLOG+15552 MB+DS3231+BME280+PMSX003-B+PMSX003-A,94,30,58,851.62,0.00,36392,0,1203,0.08,0.27,0.73,0.08,0.27,0.73,1,1,133.20,39.28,5.47,0.37,0.37,0.37,6.32,8.56,9.02,6.32,8.56,9.02,36,36,1263.73,360.95,41.45,3.42,0.36,0.00
2019/12/12T09:28:35z,80:7d:3a:2b:d8:6d,4.11,2.0+OPENLOG+15552 MB+DS3231+BME280+PMSX003-B+PMSX003-A,93,29,56,851.61,nan,36656,0,123,0.00,0.00,0.00,0.00,0.00,0.00,0,0,118.88,29.62,1.75,0.00,0.00,0.00,4.93,6.29,6.76,4.93,6.29,6.76,26,26,1140.47,306.22,30.02,3.38,0.00,0.00
2019/12/12T09:30:35z,80:7d:3a:2b:d8:6d,4.11,2.0+OPENLOG+15552 MB+DS3231+BME280+PMSX003-B+PMSX003-A,93,30,57,851.58,0.00,36424,0,243,0.00,0.00,0.00,0.00,0.00,0.00,0,0,51.17,12.17,1.35,0.00,0.00,0.00,4.54,6.63,7.12,4.54,6.63,7.12,28,28,999.40,278.25,40.12,3.79,0.45,0.00
2019/12/12T09:32:35z,80:7d:3a:2b:d8:6d,4.11,2.0+OPENLOG+15552 MB+DS3231+BME280+PMSX003-B+PMSX003-A,93,31,57,851.56,0.00,36424,0,363,24.02,25.66,25.66,20.92,24.39,25.51,80,77,3746.44,1014.32,8.61,0.00,0.00,0.00,4.80,6.92,7.58,4.80,6.92,7.58,29,29,1025.77,293.88,38.17,4.34,0.34,0.00
2019/12/12T09:34:35z,80:7d:3a:2b:d8:6d,4.11,2.0+OPENLOG+15552 MB+DS3231+BME280+PMSX003-B+PMSX003-A,92,31,57,851.53,0.00,36424,0,483,25.32,27.13,27.37,21.73,25.56,27.10,83,79,3794.76,1066.76,8.67,0.32,0.32,0.00,4.57,5.68,7.30,4.57,5.68,7.30,24,24,1023.48,290.97,32.92,4.13,2.06,0.00
2019/12/12T09:36:35z,80:7d:3a:2b:d8:6d,4.11,2.0+OPENLOG+15552 MB+DS3231+BME280+PMSX003-B+PMSX003-A,93,31,58,851.48,0.00,36424,0,603,22.52,24.43,24.60,20.59,24.02,24.60,77,76,3552.14,957.35,10.57,0.57,0.00,0.00,4.60,5.58,5.72,4.60,5.58,5.72,23,23,979.25,275.21,24.42,1.49,0.00,0.00
2019/12/12T09:38:35z,80:7d:3a:2b:d8:6d,4.11,2.0+OPENLOG+15552 MB+DS3231+BME280+PMSX003-B+PMSX003-A,95,30,59,851.44,0.00,36392,0,723,31.59,32.97,33.03,25.97,30.73,32.83,95,90,4927.37,1300.97,7.63,0.07,0.00,0.00,4.59,6.09,6.09,4.59,6.09,6.09,25,25,980.27,283.48,31.88,1.39,0.00,0.00
2019/12/12T09:40:35z,80:7d:3a:2b:d8:6d,4.11,2.0+OPENLOG+15552 MB+DS3231+BME280+PMSX003-B+PMSX003-A,95,29,58,851.37,0.00,36392,0,843,19.82,20.51,20.88,19.21,20.51,20.88,69,69,2892.04,819.24,5.56,0.32,0.32,0.32,5.06,6.65,7.38,5.06,6.65,7.38,28,28,1142.58,329.40,32.25,2.28,0.46,0.46
2019/12/12T09:42:35z,80:7d:3a:2b:d8:6d,4.11,2.0+OPENLOG+15552 MB+DS3231+BME280+PMSX003-B+PMSX003-A,95,28,57,851.36,0.00,36392,0,963,25.25,25.33,25.67,25.16,25.33,25.67,79,79,3745.85,1038.69,1.45,0.55,0.00,0.00,5.82,7.72,8.20,5.82,7.72,8.20,32,32,1208.03,344.52,43.03,3.72,0.00,0.00
2019/12/12T09:44:35z,80:7d:3a:2b:d8:6d,4.11,2.0+OPENLOG+15552 MB+DS3231+BME280+PMSX003-B+PMSX003-A,94,27,55,851.37,0.00,36392,0,1083,2.56,2.75,3.21,2.56,2.75,3.21,11,11,706.96,157.77,5.19,0.96,0.46,0.00,6.84,9.33,10.20,6.84,9.33,10.20,39,39,1359.84,387.30,55.50,4.53,0.50,0.00
2019/12/12T09:46:35z,80:7d:3a:2b:d8:6d,4.11,2.0+OPENLOG+15552 MB+DS3231+BME280+PMSX003-B+PMSX003-A,96,27,57,851.28,0.00,36392,0,1203,0.21,0.25,0.26,0.21,0.25,0.26,1,1,155.26,38.81,2.14,0.04,0.04,0.00,8.24,10.76,11.34,8.24,10.76,11.34,45,45,1581.85,458.42,57.99,3.61,0.36,0.00
2019/12/12T09:48:38z,80:7d:3a:2b:d8:6d,4.11,2.0+OPENLOG+15552 MB+DS3231+BME280+PMSX003-B+PMSX003-A,96,27,57,851.27,nan,36656,0,122,0.00,0.24,0.24,0.00,0.24,0.24,1,1,93.98,25.55,4.08,0.69,0.00,0.00,5.30,7.34,8.68,5.30,7.34,8.68,31,31,1187.18,335.43,42.50,8.23,0.00,0.00
